country,trade_openness,financial_market_depth_log,customs_efficiency,logistics_infrastructure_quality,productive_capacities_index,high_tech_export_intensity,ict_service_export_competitiveness,digital_commerce_readiness,frontier_technology_readiness,economic_dynamism,labor_force_scale_log,domestic_capital_formation,market_sophistication_log,foreign_investment_attractiveness,external_asset_position,skills_mismatch,labor_informality,export_product_concentration,efficiency_score,innovation_score,scale_score,growth_runway_score,opportunity_score,stability_score,fragility_score,rao_score,rao_rank
Hong Kong,1,1,0.875,0.938544918,0.544208085,1,0.072107249,0.723431233,0.517429645,0.541575983,0.230627187,0.610066641,0.874525764,1,0.287890729,0.91200592,0.942211778,0.691540305,0.871550601,0.570908822,0.482227185,0.248225418,0.9587105630470096,0.8325726398639756,0.16742736013602444,9.174298543964165,2
Singapore,1,0.878173017,1,1,0.841886896,0.983838476,0.138428562,0.971434684,0.896480331,0.632617153,0.22561175,0.857982423,0.97037919,0.981481167,0.451421762,0.914883855,0.884298361,0.756647865,0.891752285,0.724559841,0.630060543,0.019665543,1.0,0.7746104203104413,0.22538957968955875,9.188597513117589,1
Kuwait,0.336339963,0.80347936,0.625,0.556265273,0.737671071,0.094131421,0.807720568,0.001771193,0.585921325,0.477541502,0.195713282,1,0.782502034,0.739377828,0.459154084,0.748164729,0.996570082,0.700369646,0.542458561,0.393417202,0.501945358,0.388128,0.7041783741004057,1.0,0.0,8.402563220142191,6
Denmark,0.248849698,0.922333618,1,0.899833055,1,0.289854224,0.132477887,1,0.896480331,0.60294075,0.209684465,0.741441865,0.92336904,0.773356779,0.448692707,0.837344078,0.939391892,0.986876943,0.776831895,0.584350639,0.525904499,0,0.7672247631189277,0.9395136690200814,0.06048633097991862,8.525262929314504,4
China,0.108167465,0.989957452,0.666666667,0.82240933,0.845819569,0.433567876,0.304003757,0.006538979,0.792960663,0.739231664,1,0.920741039,0.614154957,0.737431483,1,0.748164729,0.593014928,0.975365489,0.680847138,0.455260588,0.755574307,0.437637564,0.9975553692439609,0.7191639711354619,0.28083602886453807,8.975789290005052,3
Norway,0.17906243,0.878322313,0.875,0.759502553,0.893011641,0.419230151,0.150864329,0.164333356,0.896480331,0.584659002,0.201264998,0.939017973,0.972563317,0.75594429,0.549667738,0.918378489,0.975289355,0.569906501,0.664763807,0.443113434,0.622545374,0.124383924,0.7220125572056019,0.9567207327382588,0.04327926726174125,8.34306244676798,8
Netherlands,0.718951475,0.786807485,0.916666667,0.919188986,0.544208085,0.386930833,0.169901915,0.920546892,0.517429645,0.597717393,0.378196873,0.67919652,0.919903284,0.643380038,0.37613017,0.915952802,0.838014249,0.691540305,0.70524305,0.518505336,0.473926021,0.225088031,0.7866194387117288,0.8428560052698698,0.1571439947301302,8.282026588014867,10
Ireland,0.278412759,0.473311477,0.708333333,0.725629673,0.881213623,0.885719576,1,0.562788248,0.896480331,0.543607289,0.191762405,0.723945997,0.997470261,0.642793492,0.352417715,0.900370842,0.877134565,0.695253444,0.541180479,0.777719089,0.542360867,0.153412302,0.8143559938777941,0.8060843967814535,0.1939156032185465,8.29942619535332,9
Viet Nam,0.704121032,0.87705213,0.583333333,0.565943239,0.63148891,0.731992789,0.200696907,0.026556838,0.585921325,0.859291481,0.660431026,0.774313566,0.424852754,0.771400835,0.760926908,0.93544053,0.411051339,0.876878605,0.619801167,0.480891868,0.49697043,0.517764028,0.8910451707966709,0.7285027970229186,0.27149720297708135,8.43425399158453,5
Qatar,0.262277021,0.856096354,0.583333333,0.682078827,0.885146295,0.043983978,0.059918884,0.00205451,0.585921325,0.62102904,0.154853061,1,0.929384986,0.73327993,0.494611237,1,1,0.568627451,0.595515723,0.262581547,0.582610692,0.343240553,0.6751521759734833,0.9088010241103788,0.09119897588962123,7.917505437054173,14
United Arab Emirates,0.617919354,0.759275243,0.833333333,0.943383901,0.932338367,0.14612617,0.080449357,0.019414716,0.689440994,0.780225339,0.323122846,0.821456451,0.86152931,0.788529453,0.634723281,0.920557497,0.972948025,0.719555402,0.741789437,0.343131315,0.546324022,0.139966938,0.6896739201844314,0.8904925440077379,0.10950745599226208,7.9300123274237855,13
United States,0.039841435,0.999535146,0.833333333,0.78853645,1,0.401122085,0.140060702,0.910685934,1,0.645211246,0.852846004,0.482524216,0.964571838,0.745080883,0.445114613,0.922654278,0.960874481,0.94850543,0.731976111,0.619415994,0.584627702,0.051419727,0.815866210868724,0.7690432296651543,0.23095677033484574,8.174233165485665,11
Germany,0.333591602,0.770757365,0.916666667,0.953061866,0.942170049,0.295793945,0.205195788,0.704780502,0.896480331,0.50874622,0.616589447,0.642452965,0.882529998,0.747468021,0.408757537,0.924422152,0.937864653,0.956179732,0.709148428,0.522199357,0.486456573,0.028110936,0.6775490110476556,0.8991994759651785,0.10080052403482154,7.895882773131983,17
Sweden,0.278547974,0.894733689,0.958333333,0.904672038,0.908742331,0.290402059,0.372724193,0.255273052,1,0.529658992,0.286905408,0.715532805,0.888067556,0.786305256,0.551850981,0.834096123,0.913365386,0.962574984,0.741859418,0.489611659,0.522030329,0.016439113,0.6918737113727861,0.8804820263106834,0.1195179736893166,7.905853336131505,16
Switzerland,0.2816166,,1,0.972417798,0.865482932,0.483210711,0.228204161,0.775409687,0.896480331,0.587967128,0.272287734,0.739226986,1,0.670142443,0.520345559,0.889516918,0.837780051,0.700369646,0.678182276,0.594254404,0.588324899,0.004822755,0.7344150394655321,0.8311328369902168,0.16886716300978322,7.957919426278654,12
Israel,0.103587589,0.73413902,0.708333333,0.764341535,0.857617587,0.615416184,1,0.057225961,0.896480331,0.663396265,0.26069382,0.676725006,0.874338813,0.763723981,0.476862618,0.932727048,0.900371817,0.896064362,0.555710591,0.646503748,0.486442959,0.157945976,0.7203063542202947,0.8202928622582891,0.17970713774171088,7.842708616919432,18
India,0.077886431,0.658730125,0.541666667,0.638527981,0.529239421,0.305671574,0.855355696,0.005608243,0.689440994,0.915993918,1,0.720436781,0.324425837,0.742017081,0.804834369,0.476081076,0.16188238,0.901180564,0.407907231,0.554414085,0.657733367,0.735699754,0.9923117483036933,0.5589197855232113,0.4410802144767887,8.370594668723506,7
Iceland,0.189053514,0.802016745,0.833333333,0.68691781,0.873348277,0.893252926,0.132705994,0.408110756,0.792960663,0.770165542,0,0.592425717,0.962828125,0.78922516,0.534839873,0.93729063,0.87830729,0.544325493,0.607395244,0.599439176,0.546650369,0.173056966,0.7680910003005633,0.7664924305744056,0.23350756942559436,7.907064151690903,15
Estonia,0.477865257,0.689597321,0.625,0.75466357,0.830088878,0.302527599,0.466913467,0.644123375,0.792960663,0.412868609,0.055619758,0.596872212,0.778112242,0.762518037,0.587359018,0.838371911,0.8929716,0.984318842,0.594892177,0.523878742,0.449064177,0.218015264,0.6925514606404845,0.8333052872580408,0.16669471274195924,7.739676921587563,22
Czechia,0.763242854,0.64006289,0.541666667,0.599816119,0.544208085,0.369278714,0.321621982,0.367577983,0.517429645,0.561347355,0.2846359,0.634497255,0.777141267,0.763686303,0.573744066,0.979719607,0.849294354,0.691540305,0.536424755,0.427451136,0.456150717,0.42172568,0.7186879366792017,0.8019088946737742,0.19809110532622576,7.7677868788932765,20
Finland,0.230279065,0.810516591,0.958333333,1,0.87728095,0.151519529,0.60174189,0.824411316,0.896480331,0.488665316,0.192407144,0.559051902,0.88002894,0.755701566,0.441324259,0.844210007,0.887498832,0.934435875,0.707216523,0.592563676,0.456464169,0.016147538,0.697148534002627,0.8222245410413741,0.1777754589586259,7.724610431363133,23
"Korea, Republic of",0.324775106,0.951225289,0.916666667,0.827248312,0.910708668,0.599228413,0.186513881,0.055138005,0.896480331,0.615302694,0.551873497,0.76087366,0.803248599,0.742843049,0.724024022,0.916898409,0.768369581,0.824437538,0.760830424,0.470532665,0.528308887,0.105545754,0.7516187412607601,0.769200484621795,0.23079951537820498,7.827862947446567,19
Belgium,0.842812634,0.735478273,0.916666667,0.943383901,0.930372031,0.32234772,0.262976724,0.170180628,0.896480331,0.594099735,0.280373853,0.600074581,0.88453816,0.71954224,0.528623692,0.902878757,0.862817176,0.928040623,0.795961106,0.449217028,0.478744729,0.031470677,0.6948852082486664,0.8001101962003032,0.19988980379969679,7.6327768308638895,24
Austria,0.390229033,0.785229428,0.833333333,0.919188986,0.883179959,0.303682789,0.224433324,0.218367752,0.792960663,0.553531666,0.261329462,0.638196158,0.89270561,0.751494868,0.507913198,0.881499815,0.891380511,0.984318842,0.690081442,0.418595239,0.493152075,0.102040242,0.6487203747580184,0.8413604632325634,0.15863953676743658,7.531987691330527,25
Malaysia,0.695743013,0.86367727,0.666666667,0.759502553,0.72783939,0.970524772,0.15423278,0.034626724,0.689440994,0.820348456,0.471463036,0.608660723,0.616611361,0.761070381,0.473405815,0.887214571,0.737989575,0.746415461,0.686379569,0.533834745,0.401767384,0.256820686,0.7662794454981635,0.7234843480375811,0.2765156519624189,7.742452658625375,21
Belarus,0.5121272,0.52198518,0.375,0.338511045,0.574465157,0.097251785,0.565741013,0.058970391,0.585921325,0.541634021,0.263488024,0.576503138,0.525184961,0.754681236,0.535173424,0.943498746,0.951596289,0.971528337,0.388014721,0.369903707,0.389946622,0.472358806,0.5733380382546153,0.8682797849461774,0.1317202150538226,7.221832632381161,34
Malta,0.245652733,0.716686114,0.708333333,0.604655101,0.80256017,0.747301184,0.029998258,0.02087462,0.792960663,0.80932137,0.005670121,0.532668624,0.840193974,1,0.375250808,0.94477326,0.870044786,0.704206797,0.53640476,0.480091219,0.465222941,0.236894548,0.642365061390271,0.7997613123171121,0.20023868768288788,7.347912055849067,26
Slovenia,0.774815882,0.577878148,0.708333333,0.657883913,0.741603744,0.135886397,0.154364902,0.318685543,0.792960663,0.609382889,0.082390502,0.608448719,0.794955724,0.757888448,0.474861311,0.94501994,0.869371635,0.635138073,0.61229671,0.402256079,0.433866691,0.228035982,0.6297165595128508,0.8038960467274137,0.19610395327258634,7.2944951895880825,28
Lithuania,0.507626722,0.56200603,0.625,0.682078827,0.753401762,0.284959197,0.2084948,0.456617626,0.689440994,0.57612752,0.120386144,0.548133722,0.760832894,0.774134285,0.365456533,0.86007976,0.897433257,0.952342581,0.547009832,0.443128027,0.392253771,0.238000906,0.5925818116192043,0.8368970589543737,0.16310294104562628,7.2127711949794495,35
France,0.191459099,0.858558085,0.833333333,0.856282209,0.887112632,0.381438461,0.134512524,0.265361504,0.896480331,0.580847886,0.562887919,0.579052759,0.855711072,0.751833966,0.458517304,0.823653332,0.878307675,0.988155993,0.66770519,0.451728141,0.464377219,0.089487922,0.6308297911357287,0.7984490827497864,0.20155091725021357,7.280897570032165,29
Thailand,0.505629372,0.935930185,0.666666667,0.72079069,0.721940381,0.467230057,0.010634738,0.014585527,0.689440994,0.626271742,0.605460244,0.585836872,0.513771218,0.75437762,0.450178526,0.959697406,0.445429611,0.97792359,0.678255958,0.361632612,0.391548884,0.279707568,0.6641316077737851,0.755736607132462,0.24426339286753795,7.306962467655303,27
Hungary,0.756377945,0.550587513,0.416666667,0.604655101,0.767166116,0.331021157,0.198534606,0.255181193,0.689440994,0.586903111,0.267292177,0.612599524,0.726832207,0.548022649,0.517070693,0.955010484,0.896146246,0.934435875,0.540736625,0.412216212,0.382667759,0.294031134,0.59864193907074,0.8147656785182894,0.1852343214817106,7.165822913647838,38
Bulgaria,0.380679003,0.626969467,0.583333333,0.532070359,0.688512663,0.220315573,0.474119768,0.235133666,0.689440994,0.643818351,0.202351982,0.497347725,0.664858692,0.775237977,0.287617823,0.963438721,0.89448396,0.94850543,0.48104703,0.45256567,0.345214873,0.266146864,0.5442053400219696,0.8630865966186996,0.13691340338130042,7.045820583945955,44
Australia,0.099809382,0.894198022,0.833333333,0.75466357,0.991328457,0.414992677,0.051781234,0.205223775,0.896480331,0.624724081,0.437218402,0.58631109,0.914340378,0.760477924,0.515948748,0.928410147,0.845063612,0.688858192,0.667346197,0.43864042,0.505116459,0.08753309,0.6412853524659002,0.771018038443482,0.22898196155651795,7.238605841712397,32
Russian Federation,0.128967727,0.676738821,0.291666667,0.265926302,0.588229511,0.158899524,0.097848603,0.121058977,0.792960663,0.603869346,0.704468622,0.680814442,0.640429348,0.725287109,0.542026384,0.96956461,0.958405412,0.705485847,0.309341148,0.354927423,0.453172768,0.517489071,0.5649864422050037,0.8427617561939568,0.15723824380604323,7.084869110205265,42
United Kingdom,0.148391699,0.871350046,0.75,0.749824587,0.95200173,0.490670124,0.164695616,0.317136647,1,0.608415601,0.580086891,0.444296637,0.871933735,0.738192925,0.302051491,0.917515109,0.879705254,0.901180564,0.640100855,0.516183597,0.41352989,0.072055618,0.6144728373765936,0.7884593815538924,0.2115406184461076,7.156607095427619,39
Macao,0.089033969,0.989090595,0.450919436,0.441679816,0.544208085,0,0,0.030508398,0.517429645,1,0.016672522,0.560120293,0.943330936,0.790862342,0.183853092,0.748164729,0.950703529,0.691540305,0.496746491,0.309587609,0.453916126,0.43972133,0.6275153659464667,0.7724893811444941,0.22751061885550594,7.1695447482310986,37
Croatia,0.288079356,0.639114497,0.541666667,0.556265273,0.700310681,0.191167995,0.136589829,0.136481509,0.585921325,0.748227444,0.132673198,0.574070677,0.72291955,0.77619188,0.435199047,0.894409407,0.881576975,0.998388396,0.463716305,0.359677621,0.401684377,0.334016538,0.5438146531392143,0.8500501905300814,0.14994980946991865,6.99677981286005,46
Poland,0.37257394,0.565674436,0.708333333,0.711112724,0.800593834,0.22164347,0.300023849,0.190567061,0.792960663,0.656644593,0.470425339,0.505002167,0.724356658,0.770844639,0.314180624,0.974374872,0.812836544,1,0.552448546,0.432367927,0.371039806,0.174966178,0.5411289868269746,0.8469883051454817,0.15301169485451827,6.971254427389397,47
Japan,0.124820439,1,0.916666667,0.861121192,0.824189869,0.28878017,0.084982337,0.152559618,0.792960663,0.548385693,0.695131883,0.681383504,0.785726506,0.739267655,0.58942097,0.92832792,0.925526346,0.876878605,0.745359634,0.373533696,0.497931844,0.14198728,0.6884481929232791,0.7076316832858983,0.2923683167141017,7.2650943016149405,30
Slovakia,0.95581804,0.707049048,0.625,0.570782222,0.672781973,0.173235681,0.293759733,0.200554138,0.689440994,0.59777543,0.188124741,0.472018885,0.744567402,0.757377696,0.39647679,0.946664474,0.859719735,0.759205965,0.626541463,0.390953195,0.375844434,0.267322547,0.6288978419351774,0.7633369047475653,0.23666309525243467,7.144061203541193,40
Oman,0.318701108,0.701388647,0.541666667,0.55142629,0.737671071,0.080481186,0.123858224,0.001318809,0.585921325,0.717583753,0.18527502,0.64230791,0.69983591,0.82165591,0.57207631,0.844045554,0.975079769,0.665835284,0.490132706,0.301832659,0.44701347,0.378476193,0.5771502343493403,0.8083881505423849,0.1916118494576151,7.026808607439024,45
Indonesia,0.102618768,0.565872423,0.458333333,0.464324599,0.537104766,0.14198902,0.171956719,0.013610186,0.482401656,0.78351412,0.821475549,0.688714362,0.437567945,0.748632195,0.707770984,0.883062122,0.412547735,0.917808219,0.346431295,0.31869434,0.50863161,0.645941647,0.6755976313375766,0.7115131492407774,0.28848685075922265,7.209674546489712,36
Panama,0.21439177,0.79737455,0.541666667,0.570782222,0.662950291,0.026734181,0.050771485,0.010343693,0.482401656,0.886298169,0.162050065,0.825015878,0.688187855,0.762441763,0.939134192,0.740439913,0.563327728,0.884552908,0.487133246,0.291309837,0.542479498,0.526875253,0.7058133538726175,0.6746986705022964,0.32530132949770363,7.240307324720401,31
Luxembourg,0.216803839,0.809968556,0.791666667,0.715951707,0.904809659,0.081613504,0.066399862,0.270750167,0.896480331,0.517219665,0.010179391,0.592330874,1,0,0.277035155,0.833191629,0.913230098,0.940831127,0.619676479,0.366492706,0.37391099,0.06048168,0.481644427891063,0.8859633135387475,0.11403668646125253,6.790347839351231,53
Latvia,0.444111656,0.518218607,0.666666667,0.672400861,0.763233443,0.287708743,0.313884538,0.130735008,0.689440994,0.561482775,0.074517324,0.510023303,0.729451583,0.764820884,0.48159298,0.865547835,0.873609948,0.985597892,0.536810463,0.396650412,0.397109311,0.239682413,0.5601176642075585,0.8105644554901346,0.18943554450986544,6.9426674264853006,48
Philippines,0.232891793,0.644621155,0.458333333,0.624011033,0.517441403,1,0.281105919,0.000600173,0.585921325,0.852539809,0.643422571,0.528473186,0.40406007,0.752366693,0.484140098,0.892065946,0.611407326,0.688858192,0.414077543,0.544033445,0.38504733,0.425403351,0.6677238430734295,0.6962165943051692,0.30378340569483075,7.112088492095129,41
Bahrain,0.345793871,,0.666666667,0.730468655,0.855651251,0.00382899,0.147059959,0.032722152,0.585921325,0.719402255,0.070127629,0.806688733,0.766281761,0.809370131,0.753528137,0.748164729,1,0.62490567,0.573994899,0.297786936,0.529958516,0.322541397,0.6425111579084063,0.718641306969251,0.281358693030749,7.056668957794698,43
Portugal,0.283218563,0.776907202,0.625,0.657883913,0.835987887,0.1098279,0.150794763,0.133013998,0.792960663,0.700482096,0.280837977,0.529259831,0.764828733,0.772962457,0.376190816,0.838659705,0.864552293,0.984318842,0.562494228,0.377415884,0.393502161,0.203437415,0.5432935695313859,0.8111262366654298,0.18887376333457018,6.853839727465031,51
Saudi Arabia,0.188958909,,0.541666667,0.68691781,0.78093047,0.006429269,0.06000254,0.002227463,0.689440994,0.647029748,0.463686493,0.760226491,0.785851299,0.750322398,0.703738047,0.819870904,0.967980208,0.378048936,0.493973581,0.281026003,0.513371491,0.343554069,0.5783514713014892,0.7681854588688829,0.2318145411311171,6.88856559695602,49
"Iran, Islamic Republic of",0.176395663,,0.208333333,0.19334156,0.503677049,0.01091093,0.200696907,0.033469555,0.482401656,0.728901025,0.548877028,0.902793269,0.438754125,0.736098472,0.964150529,0.567023805,0.53395262,0.903738664,0.270628331,0.291276015,0.543532208,0.859639245,0.7508692923623429,0.6040068607831117,0.3959931392168883,7.2291188775758535,33
New Zealand,0.134699381,0.926970476,0.708333333,0.740146621,0.946102721,0.212632289,0.11045471,0.086718219,0.792960663,0.545986818,0.200412504,0.472788792,0.852064353,0.752052223,0.500180876,0.909415779,0.817577758,0.833390891,0.655684995,0.34975054,0.435597833,0.147639338,0.5811883379083513,0.7632531054199828,0.2367468945800172,6.8861282042170355,50
Spain,0.225809728,0.770379862,0.791666667,0.870799158,0.814358188,0.151507081,0.185147795,0.138926694,0.792960663,0.714797963,0.519668818,0.576642614,0.801487727,0.763086121,0.403087168,0.746236895,0.862606441,0.965133085,0.620454348,0.396668039,0.42810561,0.136330985,0.5734548534126741,0.7564962557294503,0.24350374427054966,6.820042729054461,52
Italy,0.210952276,0.714058113,0.708333333,0.783697467,0.761267107,0.190437011,0.105190088,0.141988282,0.792960663,0.603966075,0.527295436,0.567983945,0.823336822,0.750732053,0.452816612,0.891490359,0.787004327,1,0.556323686,0.366908424,0.443024954,0.192571604,0.5499147459214242,0.7745826798327797,0.22541732016722027,6.758037275373698,54
Romania,0.28466862,0.462205874,0.416666667,0.565943239,0.672781973,0.220643935,0.46147312,0.126153679,0.689440994,0.645288629,0.343543252,0.477436132,0.694917644,0.75780785,0.498998285,0.951598076,0.863053121,0.943389228,0.409351663,0.428600071,0.388331735,0.334491784,0.5398310761879783,0.7802137631810898,0.21978623681891019,6.723857358867006,58
Brunei Darussalam,0.343763575,0.562704938,0.383333333,0.28915342,0.747502753,0.01506595,0.062857225,0.074718938,0.482401656,0.528769087,0,0.560120293,0.796697289,0.727490177,0.73075569,0.810291494,0.947123972,0.526418787,0.386240788,0.232762571,0.469547103,0.508416463,0.5491923306691685,0.7640754678764922,0.23592453212350784,6.716310269968882,59
Cyprus,0.270128692,0.707299434,0.5,0.488519513,0.716041372,0.296717221,0.535077319,1,0.689440994,0.696516215,0.056426916,0.370709105,0.811415313,0.147238045,0.405512994,0.865712289,0.91756092,0.581417955,0.456666703,0.64355035,0.256348762,0.17036048,0.5410591611055742,0.7609778913526463,0.23902210864735374,6.661239878839628,60
Bosnia and Herzegovina,0.344517127,0.638879917,0.416666667,0.406256805,0.541037439,0.099698473,0.243203061,0.02572509,0.482401656,0.649815538,0.106291319,0.555191207,0.530032468,0.766765215,0.564950445,0.706726966,0.773944369,0.966412136,0.388101591,0.300168764,0.392760291,0.481202659,0.5375847817532579,0.7587443195093532,0.24125568049064683,6.634437371701264,62
Mauritius,0.25224134,0.738080892,0.291666667,0.198180542,0.698344345,0.017600538,0.071349408,0.009987849,0.482401656,0.911737849,0.041760489,0.692000416,0.608856125,0.775428698,0.501697017,0.878457427,0.822430049,0.86153,0.358143721,0.29861546,0.417232431,0.538233539,0.5614703115667177,0.7300853567688937,0.26991464323110625,6.660246966828293,61
Serbia,0.256493394,0.557239952,0.208333333,0.367544942,0.690479,0.199935588,0.51434098,0.059954043,0.689440994,0.661268231,0.212158765,0.500321353,0.607567923,0.790300483,0.4676748,0.786034617,0.717996128,0.972807388,0.337271552,0.424987967,0.376228807,0.41923353,0.5306393701878247,0.7547469595593463,0.24525304044065366,6.5825416534279,65
Uzbekistan,0.114905857,0.547866639,0.375,0.236892405,0.470249331,0.026179045,0.168830378,0.004469264,0.482401656,0.833638996,0.432217545,0.652679345,0.347129462,0.755630513,0.844284374,0.967878962,0.505065675,0.670951486,0.270796232,0.303103868,0.462414226,0.697894341,0.6197872857368543,0.6643785719025349,0.3356214280974651,6.738614201828138,57
Algeria,0.167486514,0.403325465,0.25,0.207858508,0.462383986,0.013340748,0.028778933,0.000543588,0.378881988,0.711006193,0.420267147,0.870507367,0.458503056,0.73634168,0.884371158,0.748164729,0.681611441,0.467582467,0.233672406,0.22651029,0.514475477,0.828700383,0.6511287684566813,0.6212894657765432,0.3787105342234568,6.7527374264616356,55
Kazakhstan,0.169972387,0.486039186,0.375,0.270765285,0.619690892,0.697773796,0.128479761,0.03202597,0.585921325,0.71750637,0.377448652,0.637493199,0.635640902,0.748446623,0.64830791,0.748164729,0.729718203,0.296189709,0.310895978,0.432341444,0.438747235,0.520501943,0.6082013466357017,0.6484108892193438,0.35158911078065624,6.618566473022427,63
North Macedonia,0.550096924,0.666584083,0.583333333,0.48368053,0.598061192,0.102964013,0.38856448,0.009572879,0.585921325,0.592668149,0.058978378,0.618440779,0.539612909,0.782070784,0.494611237,0.729791555,0.838084395,0.77199647,0.49516222,0.335938169,0.3949666,0.395203414,0.5864529920758947,0.6655786069223328,0.33442139307766716,6.56292914213023,66
Trinidad and Tobago,0.32974571,0.615455998,0.208333333,0.236892405,0.655084946,0.001112713,0.045703634,0.002215295,0.482401656,0.569395193,0.045124842,0.570500092,0.691338876,0.722442904,0.494611237,0.915459442,0.735733486,0.704206797,0.328034451,0.220165698,0.394529728,0.505736133,0.46054279437425943,0.7796021954639979,0.2203978045360021,6.293498993291394,73
Tajikistan,0.158092686,0.274648995,0.208333333,0.256248337,0.314908762,0.249824568,0.01632306,0.000697159,0.17184265,0.933192303,0.179264311,0.64056725,0.18626902,0.747569195,0.462156044,0.748164729,0.668103563,0.782228873,0.195645189,0.274375948,0.372744497,0.704216347,0.5072043359925955,0.7301034928227695,0.26989650717723046,6.367275988521986,71
Mongolia,0.331762719,0.607692131,0.333333333,0.188502577,0.592162183,0.37147025,0.067274198,0.011871009,0.378881988,0.834200024,0.112541334,0.69894632,0.491336178,0.844431664,0.873000096,0.845690088,0.552447703,0.488047274,0.329807893,0.332739494,0.495719484,0.734349264,0.7196815239562888,0.5174147699490979,0.48258523005090215,6.748973401180712,56
Canada,0.203722214,,0.958333333,0.938544918,0.946102721,0.2758859,0.215339893,0.183991945,0.896480331,0.611336812,0.506210222,0.578070848,0.876835989,0.753602924,0.492387908,0.82706574,0.881946362,0.864088101,0.663619447,0.436606976,0.477966637,0.019605436,0.5825558543836913,0.6355079952263263,0.3644920047736737,6.433630396486707,69
"Tanzania, United Republic of",0.0391347,0.366548371,0.448192083,0.465503617,0.544208085,0.047289372,0.015742454,0.000233446,0.517429645,0.780592909,0.568770365,0.735237973,0.178724305,0.751557021,0.910903636,0.802109937,0.044646822,0.691540305,0.312830507,0.272257565,0.497016172,0.690479215,0.644134217467367,0.5700279402355362,0.42997205976446384,6.530425359171712,68
Brazil,0.063344465,0.744235057,0.5,0.536909342,0.590195847,0.18181388,0.23011163,0.032151209,0.689440994,0.660784587,0.770407786,0.435889024,0.571575898,0.763343965,0.265512479,0.882034289,0.680094449,0.843623294,0.409934141,0.35886046,0.364457501,0.339103483,0.48881265631414916,0.7146250962818892,0.2853749037181108,6.212238690711207,77
Myanmar,0.227631869,0.49690353,0.195833333,0.115433936,0.238221645,0.083710013,0.038119022,1.00E-04,0.275362319,0.479340658,0.50660156,0.656182982,0.171823596,0.750314676,0.76265531,0.997809481,0.276536529,0.80141463,0.180438321,0.175326394,0.446201714,0.893096384,0.5868198385321483,0.6016704298491756,0.3983295701508244,6.334840675530633,72
Benin,0.10837736,0.39697057,0.416666667,0.285282234,0.242154318,0.504297278,0.05260077,8.51E-05,0.17184265,0.856641111,0.305736804,0.72264608,0.217416999,0.753862357,0.92615602,0.606533734,0.106091007,0.539209291,0.226127679,0.317093389,0.485557542,0.889866356,0.7241556815716275,0.4716081006430615,0.5283918993569385,6.608229842801809,64
Senegal,0.165805531,0.52858946,0.195833333,0.126563596,0.375865188,0.047924823,0.154440682,0.000266847,0.275362319,0.769817318,0.293276627,0.642001063,0.250322153,0.829353571,0.984193921,0.470325207,0.285787132,0.774554571,0.201641363,0.249562398,0.496445981,0.94122386,0.701650255431431,0.4897099096531112,0.5102900903468888,6.551867054080928,67
Jamaica,0.194928279,0.624678578,0.208333333,0.222375457,0.539071103,0.04133548,0.041495361,0.000880027,0.378881988,0.663841218,0.123629994,0.615980422,0.512769269,0.749223674,0.554064548,0.960725239,0.618436796,0.560953148,0.276643309,0.225286815,0.397948399,0.600295561,0.48543018402928023,0.6899410601149644,0.31005893988503563,6.105110810171984,82
Nicaragua,0.370782551,0.519172438,0.125,0.183663594,0.371932515,0.007299856,0.349200288,0.000426083,0.275362319,0.725302713,0.208711223,0.637113824,0.336348221,0.796789942,0.519041677,0.748164729,0.518422387,0.752810713,0.237921064,0.271518252,0.396668012,0.721129188,0.558465042324282,0.6200289424062081,0.3799710575937919,6.247815421213472,75
Türkiye,0.176311043,0.641989624,0.541666667,0.662722896,0.544208085,0.08267825,0.073813932,0.051436078,0.517429645,0.751380804,0.585350528,0.629080007,0.649025985,0.742992698,0.559158784,0.654554126,0.699333902,0.691540305,0.43199993,0.295347742,0.433043351,0.411680837,0.5440357280185831,0.6318120841569028,0.3681879158430972,6.212316434265199,76
Honduras,0.320060051,0.751931682,0.458333333,0.411095788,0.354235488,0.061691046,0.037405433,0.000680125,0.275362319,0.706401901,0.245193761,0.506915777,0.369617873,0.760312535,0.519466197,0.792489413,0.520033282,0.766880268,0.382884673,0.216308165,0.364994745,0.542498411,0.5064114426932707,0.6647432249308758,0.3352567750691242,6.127697400294815,80
Gabon,0.308603499,0.318929307,0.125,0.22721444,0.30507708,0.026830908,0.200696907,0.000393931,0.275362319,0.654265064,0.062364996,0.852514964,0.55193165,0.783277933,0.818024801,0.748164729,0.657691264,0.282120154,0.203625278,0.231509826,0.507867337,0.892591575,0.6679546564176516,0.5068706173101911,0.4931293826898089,6.431689366972007,70
Georgia,0.25208071,0.719431132,0.375,0.275604268,0.625589901,0.059454057,0.195316362,0.025265207,0.482401656,0.99003016,0.14147966,0.513850524,0.544320602,0.794503753,0.506215119,0.680661103,0.494606329,0.630021872,0.370548591,0.350493489,0.379819576,0.477909705,0.5471226625711495,0.6166039071340041,0.38339609286599585,6.174236443566623,79
Mexico,0.334947979,0.552157114,0.333333333,0.444968668,0.584296838,0.317804775,0.067296515,0.002453954,0.585921325,0.648616101,0.672556874,0.572865605,0.627906827,0.753545052,0.533445022,0.897904041,0.676317827,0.910133917,0.371491963,0.324418534,0.427510709,0.484284639,0.5590849789241884,0.6017366049284704,0.39826339507152964,6.185310663933111,78
Chile,0.192054801,0.847791372,0.541666667,0.386900873,0.776997798,0.135440277,0.100027094,0.055185387,0.689440994,0.578971347,0.37679297,0.498262687,0.657085679,0.77935931,0.463550895,0.736821938,0.754708091,0.630021872,0.488774661,0.31181302,0.383548755,0.326802918,0.5196781807261571,0.6351141585207825,0.36488584147921754,6.0926731465960655,83
Ecuador,0.162611121,0.670978492,0.458333333,0.377222908,0.505643385,0.163356461,0.04198702,0.00226494,0.378881988,0.659256271,0.354041381,0.584034842,0.493885499,0.737701768,0.436169377,0.790762653,0.427918739,0.664556233,0.353855099,0.249149336,0.367826322,0.47811193,0.4672501950246081,0.6785052483872517,0.3214947516127483,5.96576994732699,92
Libya,0.401253738,0.295363942,0.083333333,0,0.381764197,0.007436436,0.031110637,0.001790967,0.378881988,0.571387807,0.179135519,0.560120293,0.486183775,0.743415627,0.652826012,0.748164729,0.728960146,0,0.182433901,0.198121567,0.403925237,0.727459454,0.48037821979093637,0.6659673117394111,0.33403268826058885,5.991524709132936,91
Bangladesh,0.070568276,0.576681558,0.25,0.246570371,0.395528551,0.006353745,0.167776647,0.002432667,0.378881988,0.840816275,0.704965086,0.680033376,0.319362432,0.736226395,0.695187008,0.583674711,0.323151331,0.567348401,0.228118149,0.279252264,0.462338137,0.778725089,0.6232715916779057,0.5305814344022951,0.4694185655977049,6.275759758908953,74
Dominican Republic,0.101339345,0.522753372,0.375,0.309477148,0.531205757,0.125019483,0.004053001,0.000828697,0.378881988,0.726328038,0.280137576,0.642291173,0.595033748,0.766299486,0.702979976,0.887009004,0.544718944,0.83211184,0.291494387,0.247022241,0.446331341,0.603228331,0.5350239417446498,0.6041994026601709,0.3958005973398291,6.064247134997724,86
Greece,0.193804545,0.650118633,0.625,0.82240933,0.710142363,0.246566368,0.055212227,0.072538663,0.689440994,0.677789514,0.260192046,0.388126866,0.730353685,0.757835573,0.476923264,0.731764996,0.677847399,0.783507924,0.518924934,0.348309553,0.372469863,0.208428536,0.486352990306553,0.6473857795130858,0.35261422048691415,5.956894953902496,93
Armenia,0.149423527,0.685077101,0.333333333,0.203019525,0.584296838,0.389791098,0.362357774,0.008030756,0.482401656,1,0.114408053,0.504667425,0.536585462,0.756748777,0.392352885,0.721322205,0.636153201,0.551999795,0.310316837,0.448516257,0.346757003,0.460169427,0.5358561969123262,0.5942497206651938,0.40575027933480623,6.032922457721258,87
Togo,0.129098435,0.484820826,0.25,0.275604268,0.269683027,0.008718953,0.122807842,0.000407935,0.275362319,0.810559499,0.211834194,0.591544229,0.150608801,0.732000525,0.639544612,0.739288739,0.142770164,0.869204303,0.208555523,0.243571309,0.395237938,0.733542347,0.5267548734432255,0.6021343347377827,0.39786566526221734,6.012159921649435,88
Turkmenistan,0,,0.270833333,0.147371223,0.452552305,0.199935588,0.200696907,0.00086295,0.517429645,0.673456063,0.15748329,0.560120293,0.610485961,0.758282768,0.494611237,0.748164729,0.661247528,0.293631608,0.228430182,0.31847623,0.386979142,0.552592432,0.47251507152037564,0.6510543666193055,0.3489456333806945,5.895377106039529,95
Sri Lanka,0.153485105,0.63325285,0.333333333,0.338511045,0.448619632,0.022927033,0.251921908,0.002069657,0.482401656,0.337052557,0.344313022,0.697601772,0.36330514,0.741584696,0.651006642,0.77452288,0.545653292,0.852576647,0.300106507,0.219274562,0.42745759,0.626368447,0.5292995885476611,0.5960751313942887,0.4039248686057113,6.0040882511768086,89
Uruguay,0.07063447,0.510154388,0.5,0.367544942,0.704243354,0.160757582,0.376669947,0.021492221,0.689440994,0.646933019,0.136221178,0.418889691,0.720318847,0.735786845,0.282129391,0.951392509,0.707926805,0.765601218,0.355037054,0.379058752,0.33135464,0.284136728,0.41116436765193926,0.7051440253278045,0.2948559746721955,5.7588060765005675,99
Costa Rica,0.14700229,0.659307256,0.458333333,0.382061891,0.641320591,0.376818996,0.267706166,0.009256501,0.585921325,0.751593607,0.170062226,0.418917586,0.673219159,0.781683386,0.271334462,0.820158698,0.722785008,0.723392553,0.376308817,0.398259319,0.328734394,0.324372757,0.46177855816667546,0.6551833574335617,0.3448166425664383,5.85226430086087,96
Guatemala,0.125770797,0.572384555,0.25,0.236892405,0.379797861,0.08696534,0.214027144,0.000496343,0.378881988,0.703906297,0.329034807,0.496538764,0.480780732,0.747291131,0.278035808,0.899219669,0.57870247,0.899901513,0.233420906,0.276855422,0.319083442,0.488896597,0.37867036717906905,0.7314041614242263,0.26859583857577374,5.677874963894188,102
Morocco,0.27508931,0.784272205,0.2625,0.251409354,0.543003775,0.087540684,0.166480671,0.002665528,0.585921325,0.636660418,0.408750557,0.632170795,0.406266142,0.7436128,0.626293534,0,0.565752766,0.835948991,0.350966797,0.295853725,0.413558997,0.584700587,0.5811098707042149,0.5399987064075334,0.46000129359246655,6.081988644869882,85
"Moldova, Republic of",0.257188192,0.498698789,0.083333333,0.183663594,0.590195847,0.045952445,0.48126032,0.061697161,0.482401656,0.454520041,0.108881725,0.379992627,0.509834474,0.759148669,0.518101669,0.932357028,0.354379061,0.853855698,0.248094198,0.305166325,0.345213092,0.512357537,0.43381479821448843,0.6789718475557268,0.3210281524442732,5.786898561558855,98
El Salvador,0.254013706,0.705891665,0.291666667,0.256248337,0.550869121,0.088248199,0.12262262,0.000876619,0.378881988,0.667342801,0.195930497,0.477424974,0.459421664,0.746886567,0.40878786,0.881952062,0.616424597,0.874320504,0.331930606,0.251594445,0.337776034,0.483453556,0.44125313344146366,0.6585116599126438,0.3414883400873562,5.753408896269422,100
Nepal,0.136447523,0.807434362,0.245833333,0.204955118,0.403393896,0.007649559,0.12514324,0.002498309,0.378881988,0.694562292,0.345021286,0.695760689,0.200931505,0.734623416,0.790340055,0.748164729,0.122080778,0.853855698,0.291001113,0.241747078,0.44985044,0.793849658,0.6495898686816634,0.44762666442500937,0.5523733355749907,6.119241282811015,81
Mozambique,0.34091505,0.406451346,0.329885,0.305729404,0.159568193,0.057656263,0.011967524,0.000162816,0.17184265,0.760995649,0.439816017,0.309562831,0.06066722,0.864978315,1,0.64748263,0.045627975,0.745136411,0.243594127,0.20052498,0.442537563,0.877622492,0.6372592350856572,0.45723697320640416,0.5427630267935959,6.087252973005604,84
Mauritania,0.228698256,0.447646769,0.166666667,0.101400886,0.269683027,0.154226963,0.019899381,0.000232631,0.17184265,0.829363582,0.095373453,0.652863453,0.301031684,0.839730733,0.661710602,0.50498376,0.365911431,0.470140568,0.173228109,0.235113041,0.434979952,0.865308278,0.5955962305231741,0.49528207849149164,0.5047179215085084,5.99923512739451,90
Lao People's Democratic Republic,0.301981186,,0.25,0.173985628,0.544208085,0.120553749,0.061063898,0.001388407,0.517429645,0.681078294,0.221479392,0.560120293,0.264099472,0.798494415,0.494611237,0.914924968,0.138775043,0.691540305,0.30831379,0.276302799,0.375098094,0.584047617,0.51871368179893,0.5637751729407605,0.4362248270592395,5.83064450430096,97
Paraguay,0.256857642,0.667539626,0.291666667,0.299799182,0.484013686,0.171689534,0.009788858,0.003582717,0.378881988,0.655387118,0.217586529,0.527441064,0.467859764,0.745148324,0.445326873,0.748164729,0.55218811,0.668393385,0.318803731,0.243866043,0.355499307,0.515915932,0.4553992822140612,0.6140840776606791,0.3859159223393209,5.669858803534375,104
Papua New Guinea,0.031504672,0.369895366,0.291666667,0.309477148,0.232322636,0.167501321,0.002311657,0.000398917,0.17184265,0.732286534,0.224360211,0.560120293,0.31358787,0.742994148,0.494611237,0.855392838,0.122017104,0.606998964,0.186647539,0.214868216,0.365181521,0.652219334,0.4288077980271121,0.6263991006890333,0.37360089931096674,5.570598871826926,106
Albania,0.180652357,0.548000236,0.291666667,0.280443251,0.505643385,0.022784515,0.051578137,0.006999663,0.378881988,0.710870772,0.099564254,0.546906333,0.558617649,0.795147705,0.427011882,0.662036755,0.448059328,0.847460445,0.283086252,0.234223015,0.3717852,0.524382536,0.43645942908877694,0.6106904116138653,0.3893095883861347,5.55536639888931,108
Namibia,0.561399563,0.726388071,0.458333333,0.386900873,0.470249331,0,0.034090242,0.001970786,0.378881988,0.730642144,0.088425314,0.341937998,0.415110661,0.857232992,0.520224268,0.529117296,0.607528898,0.765601218,0.442153077,0.229117032,0.351848994,0.473889504,0.509346568602557,0.5392316020480579,0.46076839795194213,5.691705237826816,101
Ukraine,0.277641153,0.441558414,0.291666667,0.309477148,0.548902784,0.103136237,0.688368935,0.046031171,0.585921325,0.091941715,0.489713835,0.383937008,0.456031134,0.747398085,0.307509601,0.658788801,0.789801366,0.837228042,0.30491287,0.303079877,0.307341415,0.389960728,0.3809213305064975,0.6468226903901765,0.3531773096098235,5.385536870139721,112
Peru,0.12237298,0.64653926,0.375,0.415934771,0.525306748,0.083939134,0.036655408,0.003821405,0.482401656,0.586400121,0.476366382,0.477408237,0.532154894,0.758601022,0.308540577,0.798820869,0.435258273,0.693974393,0.335650119,0.238643545,0.333082155,0.40415579,0.3853410323659126,0.6425123620914674,0.35748763790853255,5.3938860783052105,111
Côte d'Ivoire,0.110537435,0.440640308,0.45,0.482712734,0.544208085,0.084667311,0.119634844,0.000272104,0.517429645,0.853255602,0.410972656,0.49225964,0.325951988,0.762076309,0.553912934,0.59777659,0.208922903,0.691540305,0.33678321,0.315051901,0.372038315,0.462948215,0.48778634769742896,0.534577637026152,0.465422362973848,5.558525770860263,107
South Africa,0.197422163,0.804656935,0.666666667,0.759502553,0.633455246,0.092106117,0.169064738,0.077173336,0.585921325,0.558077921,0.531170809,0.42098741,0.483169376,0.744702071,0.252382692,0.504819307,0.832686267,0.894785311,0.54324851,0.296468687,0.307708203,0.233449253,0.45615471931552776,0.5543315483270682,0.4456684516729318,5.458829058281295,110
Azerbaijan,0.21530587,0.45012494,0.363095417,0.260396216,0.507609722,0.045716809,0.02237261,0.002497371,0.378881988,0.661616455,0.271101967,0.659915359,0.510156596,0.718269411,0.213266239,0.819788677,0.256747933,0.326886919,0.289452771,0.222217047,0.333894574,0.461863197,0.3770916950835935,0.627875682865271,0.37212431713472904,5.296647611766381,114
Angola,0.234053516,0.177215074,0,0.048172074,0.161534529,0.274422216,0.401174541,0.000215412,0.275362319,0.635132103,0.446538333,0.829467952,0.34163738,0.709074921,0.77475412,0.32638737,0.156529085,0.081309236,0.092982537,0.317261318,0.47503565,1,0.6887968768738331,0.32865209455537847,0.6713479054446215,5.902650675518061,94
Madagascar,0.188904234,0.386441841,0.041666667,0.135273765,0.11827513,0.005334736,0.375484566,0.000106736,0.17184265,0.72522533,0.454692034,0.451041696,0.035385046,0.7571388,0.460761194,0.748164729,0.010358488,0.706764898,0.111661594,0.255598804,0.341968254,0.757803137,0.4518716882348092,0.5378948995666756,0.4621051004333244,5.376528754908002,113
Nigeria,0.083300391,0.236464302,0.291666667,0.265926302,0.220524619,0.042409098,0.070642441,0.000446376,0.378881988,0.660900661,0.778867894,0.573233821,0.117218521,0.735541339,0.533960511,0.651758418,0.034621578,0.192586624,0.178708011,0.230656113,0.424690022,0.781933783,0.5409380068823926,0.4513315313237492,0.5486684686762509,5.545858749930417,109
Colombia,0.092804341,0.604285655,0.333333333,0.44980765,0.550869121,0.147195158,0.20216902,0.005208692,0.585921325,0.671889056,0.53383738,0.384115537,0.523089235,0.771388328,0.2019255,0.627830449,0.504146384,0.724671604,0.32543145,0.32247665,0.298736173,0.335927792,0.37060013360509236,0.6091645961991696,0.39083540380083037,5.194233267784509,119
Zambia,0.287738091,0.317769512,0.2,0.319155114,0.275582036,0.021831591,0.030410056,0.000363644,0.17184265,0.737819423,0.333156509,0.703933982,0.178984228,0.753327698,0.761927562,0.630996176,0.200343065,0.230958137,0.226875431,0.192453473,0.448943954,0.862653052,0.6140624170315656,0.3777380697929116,0.6222619302070884,5.675794103224936,103
Argentina,0.071572077,0.340332587,0.416666667,0.372383925,0.564633475,0.061306783,0.282350449,0.025258057,0.585921325,0.490715967,0.502296941,0.484136559,0.611948684,0.757130113,0.407423333,1,0.735329131,0.7144392,0.296767954,0.289110516,0.36409936,0.405471324,0.4036267176742666,0.5715007384317192,0.4284992615682808,5.236986933795229,117
Kenya,0.059830065,0.532127124,0.395833333,0.323994096,0.342437471,0.04968514,0.189514308,0.001842543,0.378881988,0.786106452,0.515746733,0.401103713,0.288317528,0.737821146,0.288679122,0.714332936,0.282513083,0.820600386,0.253702275,0.281206086,0.300510648,0.455253903,0.36656897841387914,0.5976759947220947,0.40232400527790535,5.131106064434488,120
Botswana,0.253262914,0.528628968,0.541666667,0.503036462,0.501710713,0.006354026,0.065958311,0.002173917,0.378881988,0.665388879,0.092383168,0.675670567,0.509147897,0.762150094,0.855988987,0.212338938,0.707270399,0.03270532,0.388768237,0.223751424,0.472367707,0.580076682,0.5906886061656778,0.3852062969750019,0.6147937030249981,5.576461142404666,105
Rwanda,0.106576651,0.45008832,0.333333333,0.348189011,0.330639453,0.076818524,0.055243956,0.000736493,0.275362319,0.939924629,0.286709998,0.420619193,0.138798477,0.761507087,0.589330002,0.563076923,0.559800272,0.592929409,0.243915556,0.269617184,0.357933022,0.616724988,0.4790011065544467,0.47346241378682896,0.526537586213171,5.291070665026597,115
"Bolivia, Plurinational State of",0.16482716,0.699554737,0.166666667,0.164307663,0.470249331,0.143365142,0.076686563,0.001679227,0.378881988,0.647610121,0.314356262,0.369531928,0.3933616,0.736194492,0.28458554,0.850006989,0.264465521,0.732345906,0.252994686,0.249644608,0.287885947,0.457226533,0.34180887533195986,0.6011401454664294,0.39885985453357065,5.009872450471729,123
Ethiopia,0.01266206,,0.374559583,0.114528804,0.161534529,0.059653975,0.007715229,0.000100587,0.17184265,0.866681563,0.655546441,0.50788653,0.196792279,0.757228821,0.387501232,0.595679809,0.055265381,0.591650359,0.186935805,0.221198801,0.359064582,0.698579399,0.45821315861664136,0.4779099859047664,0.5220900140952336,5.1948270057870225,118
Pakistan,0.071283612,0.310513429,0.175,0.182211899,0.26771669,0.037869116,0.808821345,0.000498679,0.275362319,0.648828904,0.725926659,0.390113005,0.226637244,0.738314421,0.182155013,0.365938412,0.371755729,0.814205134,0.149217208,0.354276073,0.304879708,0.563147967,0.4026528614162848,0.523988147326463,0.47601185267353696,5.060682782023205,121
Jordan,0.268446861,0.776189583,0.329166667,0.330768672,0.478114677,0.031993409,0.006810677,0.000974011,0.585921325,0.63126295,0.206698249,0.407262972,0.426158917,0.759900342,0.376372753,0,0.901279276,0.816763235,0.363136661,0.251392474,0.318216707,0.41386272,0.4119393989551424,0.5011572654402021,0.4988427345597979,5.028638909942496,122
"Venezuela, Bolivarian Republic of",0.220226763,,0.166666667,0.106239868,0.544208085,0.199935588,0.200696907,0.001133562,0.517429645,0.777787773,0.388538814,0.560120293,0.397963632,0.745160657,0.494611237,0.748164729,0.566517612,0.691540305,0.261747086,0.339396695,0.372040103,0.582121409,0.5204490952924619,0.398215680343345,0.601784319656655,5.244001563815336,116
Uganda,0.055826193,0.344975272,0.379166667,0.233989016,0.194962246,0.029201202,0.034240312,0.000239735,0.17184265,0.812223235,0.505412116,0.438081587,0.17293548,0.788775437,0.444022991,0.620923406,0.100555546,0.544325493,0.184795252,0.209549427,0.346481225,0.646049715,0.41129554619054787,0.4959623249854855,0.5040376750145146,5.006460319376706,124
Iraq,0.23866312,0.29583826,0.166666667,0.212697491,0.263784018,0.199935588,0.013967786,0.000150535,0.378881988,0.581486296,0.404024578,0.522838356,0.470295382,0.716961711,0.494611237,0.255261275,0.667878465,0,0.18555059,0.234884439,0.363186446,0.61389272,0.41584509017605903,0.48831623383434564,0.5116837661656544,5.003501928754363,125
Egypt,0.083157563,0.514169446,0.458333333,0.556265273,0.444686959,0.060687728,0.102385123,0.000371511,0.482401656,0.740392409,0.58034255,0.347890833,0.374658515,0.783373223,0.110866035,0.485208239,0.719172101,0.907575816,0.335522988,0.277247686,0.271489064,0.316702392,0.32531468153614773,0.5705138097297313,0.4294861902702687,4.810548995322231,127
Cameroon,0.053551494,0.339189148,0.166666667,0.019138177,0.185130565,0.032316586,0.168603083,0.000107244,0.275362319,0.697812381,0.390893753,0.456040515,0.251967888,0.749603157,0.410091742,0.25801587,0.229172658,0.599324661,0.096543548,0.234840323,0.331082501,0.659707809,0.3628768371170511,0.5087559477169473,0.4912440522830527,4.791056332213087,128
Kyrgyzstan,0.257240454,0.435382454,0.208333333,0.149790714,0.391595879,0.174522992,0.047458535,0.006021993,0.378881988,0.905218327,0.189559212,0,0.289209602,0.749687788,0.432651929,0.786075731,0.674029426,0.24119054,0.220209627,0.302420767,0.241086603,0.390289151,0.28626177367818434,0.5713604437593598,0.4286395562406402,4.602711175395891,132
Tunisia,0.39913698,0.709073922,0.283333333,0.228182236,0.544970112,0.1252257,0.080812176,0.004217819,0.482401656,0.571271733,0.244906914,0.308960295,0.409029626,0.74623408,0.122146129,0.137101509,0.743121766,0.898622463,0.353307037,0.252785817,0.244690915,0.326639056,0.3163831533079809,0.5282102560186958,0.47178974398130424,4.610025949530401,130
Chad,0,0.191354646,0.1875,0.171566137,0.035689004,0.199935588,0.200696907,0,0.068322981,0.713540488,0.307530796,0.450701375,0.143717592,0.773841035,0.273548029,0.718403158,0,0.215609531,0.083660484,0.236499193,0.30372815,0.646807476,0.3332017459713967,0.5023667342819228,0.4976332657180772,4.607809671660464,131
Somalia,0.256493394,0,0,0.038494109,0,0.199935588,0.200696907,5.55E-05,0.517429645,0.698973127,0.216205504,0.560120293,0.093564883,0.789182218,0.494611237,0.408614069,0.42907702,0.112006446,0.058997501,0.323418146,0.370921381,0.79904253,0.4940311834830907,0.33568677475870556,0.6643132252412944,4.87624077994003,126
Equatorial Guinea,0.256493394,0.204438165,0.0875,0.169630544,0.232322636,0.199935588,0.200696907,0.000299107,0.068322981,0.550687839,0.052153411,0.248829406,0.527339081,0.771211496,0,0.748164729,0.717567279,0.324328818,0.154365832,0.203988484,0.218849558,0.386557982,0.16473518736862575,0.6314008199331475,0.36859918006685255,4.162612963549909,141
Mali,0.123664037,0.459247218,0.375,0.203019525,0.122207802,0.086377952,0.688185567,8.79E-05,0.17184265,0.711238342,0.354281629,0.359182809,0.12165979,0.758962996,0.304356026,0.486482753,0.144616743,0.031426269,0.185826677,0.331546486,0.289533236,0.551773503,0.4011565045134413,0.4045199586419893,0.5954800413580107,4.6225169754837445,129
South Sudan,0.256493394,0,0.450919436,0.441679816,0,0.199935588,0.130673045,1.51E-05,0,0,0.270324322,0.749012622,0,0.746268398,0.236372237,0.748164729,0.079311152,0.067239681,0.229818529,0.066124741,0.348678673,0.700115889,0.3907896643605595,0.40341209934753863,0.5965879006524614,4.56254774519816,133
Sierra Leone,0.062320468,0.025170713,0.05,0,0.102544439,0.009618017,0.004435731,4.32E-05,0,0.777826465,0.192204728,0.402504051,0.112803186,0.762157592,0.339045346,0.829779221,0.004342533,0.582697006,0.043412663,0.158384677,0.302761142,0.700827435,0.2885128274028029,0.49511082034952353,0.5048891796504764,4.340368221233421,135
Ghana,0.124527885,0.294102352,0.416666667,0.19334156,0.303110744,0.032422938,0.023109065,0.000217267,0.378881988,0.678543999,0.415692259,0.371133112,0.289459062,0.750225331,0.160686448,0.820857624,0.248970429,0.422815702,0.216627586,0.222635051,0.266047773,0.415289817,0.26237092020318026,0.5126877765712674,0.4873122234287326,4.262478964753736,138
Niger,0.066518672,0.280144899,0.029166667,0.00413733,0.006193959,0.140439049,0.4581661,1.48E-05,0.17184265,0.95362143,0.395240569,0.379094401,0.075118716,0.778015028,0.361757147,0.840057559,0,0.466303416,0.029598498,0.344816806,0.309709549,0.71519211,0.404428003253263,0.3462903444914077,0.6537096555085923,4.430556457736689,134
Guinea,0.103267107,0.24752539,0.291666667,0.135273765,0.159568193,0.012337791,0.93414965,4.75E-05,0.17184265,0.753199306,0.256458801,0.29911329,0.234005554,0.777213962,0.225880537,0.309613123,0.082788698,0.287236356,0.144847653,0.374315373,0.264835511,0.498051517,0.3523627228393959,0.38326598051202004,0.61673401948798,4.282516233176009,137
Malawi,0.104181,0.206224335,0.304166667,0.211729694,0.11827513,0.024712825,0.571117814,0.000141043,0.17184265,0.568157064,0.340077249,0.165121496,0,0.749523222,0.263632463,0.563241376,0.324390927,0.631300922,0.152912627,0.267194279,0.239477098,0.466988122,0.26148102094625547,0.4625265884732137,0.5374734115267863,4.077093231613349,142
Eswatini,0.360549162,0.43681462,0.450919436,0.441679816,0.391595879,0.002135348,0.043928738,0.000531199,0.275362319,0.680846145,0.019158661,0.436547351,0.413654297,0.74048663,0.244589725,0.093644698,0.680786382,0.68374199,0.347894571,0.20056075,0.29188551,0.401110686,0.3490649624942792,0.36250748244784625,0.6374925175521537,4.189977734281355,140
Zimbabwe,0.097117159,0.123249731,0.208333333,0.222375457,0.151702847,0.043842295,0.056675157,0.000407602,0.17184265,0.747086044,0.310639233,0.560120293,0.279440015,0.744019367,0.494611237,0.712523949,0.213780949,0.586534157,0.138530699,0.20397075,0.366035148,0.710820951,0.4230949668071047,0.2789070612678119,0.721092938732188,4.288778241322488,136
Burkina Faso,0.11978389,0.52272343,0.125,0.130434783,0.130073148,0.024712179,0.271802799,0.000124227,0.17184265,0.687114173,0.366923127,0.403697966,0.123682443,0.746604291,0.512673882,0.426005016,0.075949254,0.077472085,0.129144557,0.231119205,0.338012404,0.715211649,0.4217863990723509,0.26622411764751175,0.7337758823524883,4.236053378521737,139
Central African Republic,0.058596173,0.299052683,0.291666667,0.173985628,0.035689004,0.135162708,0.200696907,0,0.17184265,0.538383932,0.147993518,0.269114794,0.024217063,0.745099625,0.263086652,0.748164729,0.045430238,0.479093921,0.121344297,0.209217239,0.256427755,0.520906334,0.24414656572352875,0.4327394555949164,0.5672605444050836,3.876253495048754,143
Lebanon,0.317062359,,0.283333333,0.367544942,0.478114677,0.045467201,0.029727274,0.001229166,0.482401656,0.532077213,0.138568926,0.137945994,0.418305774,0.758119957,0.494611237,0.435008839,0.7046762,0.912692017,0.343489872,0.218180502,0.286602021,0.383573353,0.34330519070095933,0.24022257862505375,0.7597774213749462,3.718649312835374,144
Yemen,0.036347131,,0,0.009460211,0.055352367,0.077558055,0.200696907,6.02E-05,0.068322981,0.458253774,0.337164454,0,0.000252904,0.721546129,0,0.748164729,0.425319289,0.514907333,0.074510752,0.160978375,0.148057978,0.312319869,0.0,0.39820566708987043,0.6017943329101296,2.4335404015235333,145
Sudan,0.256493394,0.160340354,0.166666667,0.173985628,0.084847412,0.033956062,0,1.74E-06,0.068322981,0,0.387645067,0.166482782,0.049168777,0.740604179,0.494611237,0.109720018,0.495219329,0.435606206,0.140090714,0.020456158,0.285838101,0.613916171,0.21377355696412406,0.0,1.0,2.15437720760627,146
Liechtenstein,0.256493394,,0.450919436,0.441679816,0.544208085,0.199935588,0.200696907,0.279478018,0.517429645,0.66506114,,0.560120293,,0,0.494611237,0.748164729,0.603644433,0.691540305,0.392938956,0.372520259,0.258601619,,,0.682378176,0.317621824,,
Syrian Arab Republic,0.256493394,,0.208333333,0.111078851,0.194962246,0.199935588,0.200696907,0.000518322,0.517429645,0.66506114,0.306143638,0.560120293,,0.733208335,0.494611237,0.748164729,0.541938874,0.915250118,0.208452375,0.31672832,0.398224156,,,0.677977791,0.322022209,,
ZAR,0.256493394,,0.450919436,0.441679816,0.544208085,0.199935588,0.200696907,,0.517429645,0.66506114,,0.560120293,,0.746268398,0.494611237,0.748164729,0.603644433,0.691540305,0.392938956,0.338499871,0.407855298,,,0.682378176,0.317621824,,
