country,country_name,rao_score,rao_rank,opportunity_score,stability_score,fragility_score,trade_openness,high_tech_export_intensity,foreign_investment_attractiveness,domestic_capital_formation,financial_market_depth,customs_efficiency,logistics_infrastructure_quality,ict_service_export_competitiveness,digital_commerce_readiness,frontier_technology_readiness,regulatory_quality_for_business,economic_dynamism,market_sophistication,labor_force_scale,productive_capacities_index,current_account_imbalance,external_asset_position,export_product_concentration,government_debt_burden,fiscal_balance_trajectory,inflation_pressure,labor_market_stress,skills_mismatch,labor_informality,market_concentration_risk,political_stability,corruption_perceptions
USA,United States,6.15,9.0,6.7,5.48,4.52,3.1017658000286827,6.391306629914752,4.880570316933221,4.186087570172228,10.0,7.349553126047533,6.955288969063719,4.402966959610636,10.0,8.100904527034904,7.182841964565538,4.637081949598388,8.96132338140069,7.601527895732776,7.8287158224951074,4.565816381249328,5.438998705103552,3.406471927453679,7.765448617387101,5.711110772465441,4.4736745580634665,4.2804486249007505,3.804241613687408,3.0591328660269124,3.894397486336994,4.824792656968839,3.304307214494802
CAN,Canada,5.6,31.0,5.92,5.21,4.79,4.534284591965237,5.474764299824409,4.971636115485237,5.143452892731517,,8.184987702713101,7.882155060952678,4.9463877061777195,5.456883129167443,7.383391407097251,7.449481678056243,4.221144322779941,6.952908948694896,4.893564276779727,7.429735054399927,5.137395921793152,5.02716647370804,4.025705906084981,7.1265683100367205,3.574786493448813,4.469486723107966,5.130158699279553,4.531084022256116,3.512477987637923,9.77410971937842,3.195041460410864,2.400671114712143
GBR,United Kingdom,5.77,21.0,5.85,5.68,4.32,4.050628098324614,7.046664888340388,4.806966192713824,3.8030519991003926,7.42634156240643,6.792596741603821,6.71609771954399,4.5807999431151005,6.396759391812575,8.100904527034904,7.330975298457441,4.185275344110846,6.866411255469779,5.118719872601331,7.469633131209447,4.809158065575567,6.685326137896382,3.753618248807591,6.838599551247066,4.450746116436304,4.66540125657164,4.404129052214797,3.843319162535188,3.525350401917275,3.8824302478929065,3.8269790248325553,2.7621255546252064
DEU,Germany,6.24,6.0,6.38,6.06,3.94,5.669502156838475,5.6204615323650495,4.9060790681598805,5.78855366479354,5.885586456943113,7.906509510491245,7.971851779522578,4.873160069193833,9.133160112048234,7.383391407097251,7.2717218690624374,2.9614542970699347,7.056303796436131,5.2708360719433935,7.403136336526916,6.435241023001663,5.755731768248656,3.3501779293962883,4.971467761856369,3.283944766636262,4.618916288565588,4.053518755315686,3.790798936883771,3.191296070707499,3.719684434203008,3.678895692044075,2.400671114712143
FRA,France,5.77,21.0,5.87,5.64,4.36,4.427089939181741,6.247251817513026,4.952733178737295,5.1532915180246635,7.19567169932529,7.349553126047533,7.37387365572325,4.362916112511999,6.0312756208657445,7.383391407097251,6.856948342488639,3.8467767043528305,6.596013999864024,5.057426235425043,7.030754286304745,5.135481998433282,5.3222380596405525,3.1156196041571596,7.337183628700265,3.2555601090919977,4.491301536103435,5.512874829817709,4.557031514691042,3.533377780411792,3.8283873652654457,4.17890379199015,3.12357999453827
ITA,Italy,5.36,42.0,5.38,5.34,4.66,4.597484192419799,4.849405704149929,4.940958235657782,5.042383378356463,5.247178491540387,6.514118549381964,6.925390062873753,4.151245131599533,5.160376805667374,6.665878287159597,6.0570282436341305,4.130640475939376,6.122516836704109,4.948361909302272,6.179595314368361,5.230904748803908,5.371900958615765,3.021796274061508,8.540301959528152,3.7202704899901953,4.588687734432249,5.184519713054754,4.0412078699003455,4.057803397523502,3.802541347684293,3.686435225576494,4.298306924255726
JPN,Japan,5.69,28.0,5.87,5.46,4.54,3.8445864133773178,5.5691311471881235,4.818450656633679,6.178632797154787,10.0,7.906509510491245,7.403772561913216,4.005370678699042,5.235000490947742,6.665878287159597,7.30134834416434,3.4481797096061975,5.667240476193339,5.730113340502343,6.6051748003365525,5.922993106613788,4.181840533704426,3.931882575989329,10.0,4.67431317447846,4.343813603216091,3.725163638552731,3.761099999759459,3.262164497721554,4.405632548125827,2.9305071976004555,2.7621255546252064
CHN,China,5.86,17.0,6.36,5.24,4.76,3.69901901749772,6.628761490841068,4.798829489058141,8.576965416199583,10.0,6.235640357160108,7.1645813123934845,5.586428904495554,4.204232226590651,6.665878287159597,3.923907660561323,5.791540468352043,4.448065539675006,10.0,6.751467748638119,5.643218524044323,0.1078978315995016,3.2094429342528112,6.172216884066563,6.01293766478667,4.114777102377098,4.487677187480038,,5.172034288768853,3.778407106274575,5.939774049330279,5.292306634016652
IND,India,5.27,45.0,5.81,4.61,5.39,3.434325680303658,5.692751066838566,4.847830785414271,6.569941757677677,4.745343596356097,5.40020578049454,6.028422877174759,9.56649404785267,4.197662110498509,5.948365167221943,4.457187806329524,7.961969992189934,3.818512621457856,10.0,4.610270959860648,5.018049129424159,2.305216946896399,3.753618248807591,5.966657505442837,6.6789417336611505,4.605743644069196,4.335539316713202,7.199924298364099,7.648361378668024,3.919526266574846,6.190465009264372,5.744124683907981
BRA,Brazil,4.8,61.0,4.82,4.77,5.23,3.3072110814244446,4.786297233207532,5.075728041928011,3.718808770027822,5.569547798578823,5.121727588272683,5.400545847185463,5.053021008035916,4.3850304647258085,5.948365167221943,4.012787804653824,4.82830398819853,4.284277951024611,6.41581436438288,5.022551086892335,4.94634535783477,7.003644187178992,4.175823234238023,6.1172610140685375,4.79307922824241,4.578560788085313,5.294336257661031,4.113110559780261,4.671869371052247,4.602726591551425,5.724947323016885,6.105579123821045
RUS,Russia,4.84,59.0,4.77,4.92,5.08,3.88083879157872,4.618598281001045,4.669055753054186,6.172930866587167,4.897081023830606,3.729336627163402,3.7262071005473416,4.0982488757879185,5.012635613192083,6.665878287159597,2.2944406283570156,4.12945276141391,4.569693877963674,5.799882074589263,5.009251727955828,6.345286625087807,4.59472942252494,5.189115199271061,2.8728129983717663,4.376350030025799,5.037547499208136,3.699624907248946,3.4475417478048724,3.073314635052952,,7.216529153375669,7.189942443560235
MEX,Mexico,4.61,71.0,4.81,4.36,5.64,5.681358556525395,5.781548024456261,4.971017699695715,5.091296998421823,4.0343865973063835,4.007814819385259,4.8324666295761,3.877701365525281,4.1753957981470675,5.230852047284289,4.397934376934521,4.678889500894816,4.5095639052668925,5.576174882292228,4.982653010082817,5.123588331839809,4.66948793534401,3.687941917740635,4.617405410082422,5.9015708144573,4.664906330622354,3.7901049838680714,3.992439088938316,4.693561427645016,10.0,6.181595020255001,6.828488003647172
IDN,Indonesia,4.99,54.0,4.86,5.15,4.85,3.650516602096304,4.494838579671198,4.918519331816211,6.252087079172941,4.110348289181772,4.843249396050827,4.952062254335965,4.633215947413195,4.254148296635252,4.513338927346635,5.31636133457903,6.33527617811071,3.958457013574123,7.0828615256343,4.663468395606672,5.263509800327396,3.150807051256266,3.6316479196832434,3.866903624558274,6.426686979026214,4.420527125355481,4.017399692471761,4.105295050010705,6.208596714358946,4.308274902095846,5.716331028261518,5.834488293886247
SAU,Saudi Arabia,5.32,43.0,5.18,5.49,4.51,4.405235218398001,3.502743116440307,4.93658069464795,6.968629687170429,,5.40020578049454,6.327411939074423,3.8250480663190825,4.173796982360875,5.948365167221943,5.820015005245329,4.659410982677162,5.66860286225737,4.801412544495297,6.31258890373342,6.456157471148806,3.185940910637666,7.590992449719744,3.2420187454340574,4.93725005557356,4.177023558306578,4.096569759513496,4.585792590643008,3.018319187707751,4.241433254667741,5.3234812497353765,3.846488874364397
ZAF,South Africa,4.75,65.0,4.9,4.56,5.44,4.479214426782823,4.1297700296803255,4.876522365728282,3.569496450948302,6.339599664947436,6.235640357160108,6.775895531923921,4.612339489367379,4.702844297449093,5.230852047284289,4.279427757740124,3.5671887050579634,4.044044917068352,4.959179392221114,5.315136983495468,5.02153520411535,7.118027353435732,3.800529913855416,5.5332877270539615,5.783663371330809,4.659918999902621,10.0,6.9814026452073135,3.7954167454502095,4.043579437481901,6.253281838029293,5.473033853973183
ARG,Argentina,4.29,94.0,4.27,4.32,5.68,3.3791304903556316,3.90436478054409,5.009327353185174,4.202243040113816,3.253901750612502,4.564771203828972,4.383983036726603,5.4301193465530515,4.336371295939594,5.230852047284289,3.7165208972744237,2.7400643095229373,4.438618694516111,4.884107773851022,4.849659420717757,5.052226332278968,5.767354999923706,5.123438868204105,7.940183859149712,4.743431330793989,10.0,5.421665075161332,3.210262871201152,4.3546139489426645,3.804503331303171,5.147338487214509,5.834488293886247
AUS,Australia,5.9,15.0,5.86,5.95,4.05,3.625959131980171,6.492818698595218,5.045101776258587,5.226019083401848,7.867769094723379,7.349553126047533,6.745996625733951,3.765700614987216,5.606759860388107,7.383391407097251,7.745748825031238,4.385524013104536,7.696477343639332,4.754482976459509,7.735620309939566,5.294064219679595,4.821910768900912,5.311085528395409,4.312070596373392,4.102200704135633,4.584918682972299,4.25126150341071,3.760474758977894,3.7243240987101167,5.249451447868388,3.000545798963514,2.2199438947556116
AUT,Austria,5.95,14.0,6.01,5.88,4.12,6.16458269563738,5.678196121116946,4.949109605496214,5.745900988096545,6.072170283229977,7.349553126047533,7.762559436192811,5.012030800451257,5.699543964319946,6.665878287159597,7.153215010272438,3.5113661223610273,7.2492123182492305,4.5731887972156935,7.0041555684317345,5.617722330714635,4.891914323307462,3.143766603185855,5.727172036406996,3.021613963638192,4.707469962260983,4.710228988841596,4.11717462486043,3.4582903862481578,4.4528957272011045,3.3891151147577503,3.12357999453827
BEL,Belgium,6.15,9.0,6.51,5.72,4.28,10.0,5.814795611094447,4.6076665716473935,5.363927541346129,5.472105928685447,7.906509510491245,7.912053967142646,5.290265505862192,5.359388229502295,7.383391407097251,6.88657529678174,4.009493594341771,7.093536709787088,4.585157046912179,7.323340182907879,5.11969213071436,4.71149006798794,3.5565892556067222,7.043230786288603,3.190002661596523,4.528877837022333,4.892648498154349,3.9546120216536655,3.622351674481572,4.359730011256772,4.055274025070726,2.9428527745817386
CHE,Switzerland,6.49,3.0,6.78,6.12,3.88,5.215176962635472,6.992073096885022,4.079784586631187,6.758217268969263,,8.463465894934956,8.091447404282446,5.0392514886491515,9.631735676463624,7.383391407097251,7.508735107451239,3.934192493427181,10.0,4.579914279711964,6.884461338003179,6.9552129872347255,4.783606937244499,5.226644531309322,3.502289745744707,4.275362267108079,4.240602507176446,4.397561949879538,4.056213648657893,3.766159214948292,4.079357103534824,2.683252931194203,1.858489454842548
DNK,Denmark,6.62,2.0,6.75,6.47,3.53,4.928754087541075,5.576991624088589,5.182724104184639,6.780410077158918,8.467639928150557,8.463465894934956,7.642963811432948,4.348228607210314,10.0,7.383391407097251,7.656868441343141,4.1180507019694295,7.89920335660625,4.546638366310486,7.868613899304627,7.364860940652464,5.407827311065918,3.125001937166725,3.3229626357333713,2.161260851649238,4.495260943697726,4.767873553784426,4.452928924560556,3.1825239596985915,3.9685043193531313,3.1366179154343117,1.0452169650381542
ESP,Spain,5.48,38.0,5.66,5.27,4.73,4.727356528064471,4.564496603660643,5.072972744724793,5.129142165032394,5.880857493105876,7.0710749338256775,7.463570374293152,4.7284388655115865,5.138764878288455,6.665878287159597,6.17553510242413,5.491523779219149,5.846809297252425,4.927767322839902,6.538678005654023,5.712461537028165,5.805130502867617,3.2845015983293324,6.974426037051075,3.852294502126691,4.423687037185541,6.972230904319732,5.1456957105339995,3.623562086486328,4.001476182503947,4.294829264985249,4.117579704299195
FIN,Finland,6.33,4.0,6.43,6.2,3.8,4.766424011436345,4.564587707932051,4.994062023574107,4.952885428956869,6.4242754039402,8.184987702713101,8.390436466182107,7.73572245091367,9.977641049183257,7.383391407097251,7.567988536846242,2.7148847615830425,7.010495151020354,4.539382338047611,6.964257491622215,4.955641557011278,5.472019249634943,3.5096775905588964,5.779367900489565,2.661957119558629,4.48364921950293,5.877713848443214,4.4007213192999215,3.4805858708049264,3.826514764364093,3.4178928140499494,1.2259441849946864
GRC,Greece,4.97,57.0,4.99,4.94,5.06,4.44759201605736,5.260188993953134,5.016865836213701,3.240237911308327,4.676428022587061,5.957162164938253,7.1645813123934845,3.790468055121248,4.67012786770638,5.948365167221943,5.938521384844131,5.0371042017755805,5.145160614957103,4.572514785354564,5.833811982019204,3.6281306437247913,5.161890295396117,4.616792885687587,9.918473054923084,2.852593934328789,4.552976923629894,6.468753058616533,5.255738088089348,4.684775911067234,3.698632811480201,4.392548040933225,4.750124974147056
IRL,Ireland,6.21,7.0,6.57,5.77,4.23,5.187171464698164,9.937838444232414,3.78753605095445,6.605103662844663,3.6677498351468873,6.514118549381964,6.566603188594156,10.0,8.130828461628425,7.383391407097251,7.53836206174434,3.3895066120481414,9.997140412336323,4.539125321434324,6.990856209495227,7.249273640597501,6.246549142163255,5.264173863347582,4.001704267455653,4.5605472650150105,4.509766081134504,4.381873872078641,3.9736818654913817,3.5401158579821894,4.9837722572235545,3.0316728956954053,2.2199438947556116
ISL,Iceland,6.1,13.0,6.22,5.95,4.05,4.406062182702832,9.992971340651277,5.352292258595214,5.287286886363717,6.3020684318056315,7.349553126047533,6.327411939074423,4.349875249679305,7.038950965845505,6.665878287159597,6.975455201278638,6.171371573596302,8.91140624741309,4.492335931281628,6.937658773749203,5.226803484461331,4.657336374956459,6.371289158476272,4.903981953498793,3.571301544390888,4.877914844949841,4.126486559040788,3.6929487545689303,3.5333799933070944,4.753054056407938,2.3894443604456574,2.2199438947556116
ISR,Israel,5.71,27.0,6.01,5.33,4.67,3.658985286047281,7.959620235476061,5.079788856348425,6.131955228292414,5.457491416070249,6.514118549381964,6.805794438113887,10.0,4.562034606284936,7.383391407097251,6.797694913093636,4.860372280386132,6.90856051487778,4.572811582177918,6.831263902257156,6.107823419652595,5.162418624108619,3.791147580845851,5.071340896266114,5.14788744754573,4.462215118776143,4.12466236394766,3.727649617945759,3.4066463779351075,4.387649494377204,7.895796927212027,3.394670824473068
LUX,Luxembourg,5.9,15.0,5.65,6.22,3.78,4.6486340221928275,4.052979733303884,0.0,5.286336564602448,6.416274545249072,7.0710749338256775,6.506805376214222,3.8712286631394655,6.069314511983639,7.383391407097251,7.716121870738139,3.0654980895008195,10.0,4.49436075469645,7.1504485167333005,6.733129523084178,6.903261731803564,3.4627659255110705,3.1898473061825987,3.0365891432856555,4.4560856512503655,5.148035811192203,4.484503584029562,3.332791342522257,4.277585475339301,2.7190998925359136,1.858489454842548
NOR,Norway,6.18,8.0,6.27,6.08,3.92,4.318727867457748,6.523830699819246,4.99665574881119,8.760098009724295,7.5569455611123,7.628031318269389,6.775895531923921,4.480955509542852,5.318111994195608,7.383391407097251,7.3606017735593365,3.893572656656219,9.196226394780354,4.543011987349408,7.070652363114265,9.55459432756007,4.528160004749656,6.18364249828497,4.028278483703588,0.0,4.526898133225187,4.27242216649099,3.836754134328761,2.9763371128102585,4.643098615550313,3.0502807751094396,1.858489454842548
NZL,New Zealand,5.83,18.0,5.45,6.3,3.7,3.9309404705909134,5.011842080065759,4.955065454925582,4.088539836441879,8.57290317810611,6.514118549381964,6.656299907164055,4.1892490637399975,4.770222186162767,6.665878287159597,7.686495395636241,3.4187243893746233,6.538434049546416,4.542654537321667,7.429735054399927,3.77686983054892,4.959276234151499,4.250881898314544,4.181300050609201,4.263366971437682,4.544791609853234,4.536565615975856,3.904905379519289,3.882196578297875,4.97411310294021,2.0931571564109888,1.677762234886016
POL,Poland,5.59,33.0,5.51,5.68,4.32,6.010255549754999,5.077790503017882,5.155879596233701,4.411313827593189,4.109222907429524,6.514118549381964,6.476906470024256,5.557698994046529,5.503297261328151,6.665878287159597,6.294041482022933,4.777469806508554,5.097456078807239,4.814550843470172,6.445582493098481,5.2745148596466445,6.579660395395929,3.0030316080423773,4.477793075456327,4.1038674189024675,5.081329410106547,3.8371692172707617,3.4109651620833494,3.9094290351884062,4.354152855917137,3.735217408913309,4.388670534233992
PRT,Portugal,5.49,37.0,5.43,5.56,4.44,5.229180080263664,4.259467082990683,5.178510411558118,4.654372593357978,5.963603237497986,5.957162164938253,6.148018501934625,4.480453328810817,5.097026808640001,6.665878287159597,6.234788052627936,5.315742029450075,5.45161105454978,4.585465459699838,6.68497095395559,5.429405942984638,6.03944428686237,3.143766603185855,6.635678054383245,3.0810096171471892,4.54696166978472,5.184519713054754,4.442925072055524,3.612385556680376,4.249988565527388,3.4207876970102102,4.027216094320929
SGP,Singapore,6.66,1.0,7.74,5.34,4.66,10.0,10.0,7.406723419664525,7.948131916639298,7.554111973342782,8.741944087156813,8.779122246651674,4.39118496497249,10.0,7.383391407097251,7.775375300133141,4.482441518382621,9.13101237511002,4.55399974243425,6.724869030765107,9.072422349684423,5.384052519003316,4.813821878888454,10.0,5.105360967737417,4.49057818279294,3.811630485966976,3.863326867545251,3.4989686448832336,4.065538487370823,1.958266047329314,1.5873986249077507
SVK,Slovakia,5.64,29.0,5.74,5.51,4.49,10.0,4.723517595987799,5.011972996611669,4.080825459791571,5.17752392128529,5.957162164938253,5.609838190515228,5.5124799806794815,5.573796620378846,5.948365167221943,5.968148339137231,4.0546267463095065,5.264614296514508,4.537693001552637,5.5811241622255885,4.497256912322581,5.862718332530363,4.795057212869324,4.722285634869765,4.143287748463498,4.93643032064624,4.7467128907041465,3.621671305470579,3.6401426715392575,,3.707195524950528,4.750124974147056
SVN,Slovenia,5.81,19.0,5.93,5.67,4.33,9.526342936715814,4.450176465752626,5.017430856336498,5.447835362738251,4.180222398892501,6.514118549381964,6.148018501934625,4.506225228741102,6.407693141839442,6.665878287159597,6.205161577526033,4.197152489365513,5.770524626619073,4.506857673734535,6.046601725003301,5.74028178015198,5.179853471621193,5.705143514797145,5.22563255438946,3.4738239837851346,4.633231069868025,4.162970460903338,3.634176121101869,3.5847043588054905,4.1647334729461,3.202825868310139,3.756125264386131
SWE,Sweden,6.3,5.0,6.33,6.26,3.74,5.18835340577695,5.581000954381523,5.321090424530182,6.520804532492018,7.878592352817885,8.184987702713101,7.672862717622914,6.082503717742699,5.960060648862688,8.100904527034904,7.479108632349336,3.21823817747584,7.15996429321689,4.589574240723152,7.177047234606313,6.510362514876533,4.509140171099575,3.3032662643484625,3.68769863870249,2.9788096980354073,4.584081115981199,5.877713848443214,4.477625935432353,3.3320142784736384,3.784004004897421,3.3266867285227466,1.948853064820813
BGD,Bangladesh,4.32,91.0,4.41,4.21,5.79,3.370356037344803,3.5021903964686625,4.7859520210009014,6.16510468737671,4.173112043055052,3.4508584349415456,3.6066114757874743,4.603041102359741,4.1752455292361965,3.795825807408981,2.679587320435518,7.038878262997196,3.814036245129863,5.803698240536372,3.7059145521782377,4.732464422369376,3.2604352591004853,6.202407164304099,3.8100670425647607,7.420554045140197,5.047141448378919,4.13925592469268,6.381796735686977,6.722069282047523,,6.752721422749463,7.099578833581969
CHL,Chile,5.09,51.0,4.92,5.29,4.71,4.432297111436091,4.446911536145915,5.24686664235862,4.343785081262953,7.010154146119119,5.40020578049454,4.473679755296503,4.1139748359269905,4.5476300794437545,5.948365167221943,6.323668436316033,3.823735042558776,4.6562653081049294,4.670768544524933,6.285990185860409,4.287955722039731,5.278386776502865,5.742672846835406,3.8741577993980134,5.414107251666413,4.825681121686694,5.9937326563661255,5.217285780023133,4.243305618238244,5.722520244310026,4.605432340224781,3.485034434451334
COL,Colombia,4.47,79.0,4.39,4.57,5.43,3.5647264891485895,4.5329397515624335,5.161689407527224,3.200044890934618,4.345795360611767,4.007814819385259,4.862365535766067,4.851310625672616,4.194841657789767,5.230852047284289,4.9015878080052255,4.96465361572211,4.138448764576154,4.966764491817397,4.756563908162215,4.51188475514444,7.557596842237611,5.048380204127584,4.59947758404751,5.036040785389545,5.090542647008648,6.322452612147705,6.046042435986851,5.682474950993071,4.698555413732807,6.35947560679058,5.653761073929715
EGY,Egypt,4.11,100.0,4.3,3.87,6.13,3.480401831334249,3.899834218653696,5.289758965521694,2.8370778794096,3.843818764679711,4.843249396050827,5.52014147194533,4.130996831082271,4.160695708213163,4.513338927346635,3.1832408713040197,5.805793042657644,3.870256383739613,5.119677671405793,4.038398525590888,4.5092189333217645,8.350882404059753,3.7067065837597646,6.472324783918003,7.09077180059343,6.926184921684997,5.3001736819590395,7.130522571610442,4.447416242634503,,6.666624869346304,6.467033563734108
HUN,Hungary,5.55,35.0,5.6,5.49,4.51,9.365172777159334,5.8782722537278245,2.7748229806700904,5.489425915113827,4.025947006015862,4.564771203828972,5.819130533844994,4.825074747822693,5.959412206042907,5.948365167221943,5.434867953773428,3.921127633647047,5.116960627068706,4.576795518391023,6.219493391177878,4.8255631229458755,4.8121366877196206,3.5096775905588964,5.499239512486296,4.113009096866012,5.3179801563191775,4.454841675803743,3.558209366141785,3.430917095042673,4.276820248141606,3.381094529880338,5.473033853973183
KAZ,Kazakhstan,4.84,59.0,4.77,4.93,5.07,4.239269756992185,8.562355284503735,4.9165363187037965,5.738857426807133,3.7196514458365018,4.286293011607115,3.756106006737309,4.319367177883107,4.384146396059919,5.230852047284289,4.8423346182058244,5.524779785932218,4.546217956243768,4.671529139996922,5.222041470939925,5.159816166865906,3.668833353864731,8.191461762331915,3.0707762545202097,5.781314818704817,5.469046784532131,4.5763330690060355,,4.386841840108397,4.1041012246384305,5.447041866289573,5.563397463951449
MAR,Morocco,4.63,69.0,4.67,4.58,5.42,5.158120445898265,4.09635786097245,4.864882506105376,5.68552760561587,6.059504737071661,3.5344018926081033,3.636510381977443,4.593685789011096,4.176889310559143,5.230852047284289,4.6942012843139285,4.53208798554713,3.91082106562805,4.711402259907314,4.7033664724161905,4.855570707052397,3.860616676503051,4.232117232295415,5.285155867805099,5.35998952825239,4.55114950474022,6.134195678536945,10.0,5.328621933061218,4.186806855319446,5.6410823848104314,5.834488293886247
MYS,Malaysia,5.72,26.0,6.16,5.17,4.83,8.835149184761551,10.0,5.051432713799403,5.4499596113810895,7.286618787442372,6.235640357160108,6.775895531923921,4.5052714762647526,4.40250526809551,5.948365167221943,6.086654718736034,6.787557869408437,4.458717122229344,4.816619771807924,5.953506212447758,5.780679233926364,5.192533360721248,4.888880542964976,5.284276573885131,6.289890101875603,4.363572569960679,4.2162369576226615,4.073720390541699,4.339332965107048,4.4552944906707985,4.538937404145878,4.65976136416879
NGA,Nigeria,3.87,110.0,4.05,3.66,6.34,3.4816503256470543,3.766061876306699,4.778631568823817,5.094986482906754,3.050082872033461,3.729336627163402,3.72620710054734,3.901854724071608,4.161224184740147,3.795825807408981,2.5610807012411136,4.829729245629091,3.706927153076659,6.513189706461778,2.5222716068292,5.367955332251692,4.664997141287742,8.951430736106694,4.2959502078406375,7.083776649223536,7.036286909787783,3.924000903703632,5.864097368551588,8.379318419021349,3.96893585689614,8.519729709054126,6.828488003647172
PAK,Pakistan,3.94,106.0,4.1,3.73,6.27,3.37660895377618,3.732835973026478,4.808264489186968,3.2601387670149196,3.1868149914643045,2.9495976889422053,3.208956023460922,9.230574760196266,4.161593397089718,3.0783126874713274,2.7388407498305143,4.681502472850843,3.7504785784810064,5.975222375168815,2.8414562213053456,4.88017829310786,7.729832002513348,4.391616893458022,5.489274181393321,7.46214615454892,6.428289416702889,4.816761982280244,8.037434325269722,6.4428966972636355,3.9969819096131967,8.857380713843083,6.7381243936689055
PER,Peru,4.45,81.0,4.28,4.66,5.34,3.8231926226288473,4.069999877121657,5.025045361860777,4.13482609634373,4.648450122191411,4.286293011607115,4.653073192436302,3.6565112398586295,4.185048713274577,4.513338927346635,5.286734619881531,3.91495151811462,4.162884982443321,4.826565306833877,4.583672241987636,5.080251638619911,6.628794965658639,5.273556196357148,3.5515057804318273,6.069277674556471,4.556669832636107,4.7098641498229705,4.7458542307235145,6.078152559542456,5.071573492058627,5.957630523358469,6.376669953755842
PHL,Philippines,5.06,52.0,5.19,4.89,5.11,4.7892624517452695,10.0,4.958425849146669,4.646490512867446,4.633615658259174,4.843249396050827,5.938726158604859,5.421135409540527,4.162309847720068,5.230852047284289,5.108974571292131,7.182829263483763,3.907758807664357,5.404972027361752,4.530474806241612,4.642236606832681,5.099019178608347,5.311085528395409,4.696199915244035,6.150340620034312,4.595274056680445,3.6164416110023305,4.036831184429394,5.066392550607799,4.266814486120504,6.048603004374621,6.19594273379931
ROU,Romania,5.3,44.0,5.05,5.62,4.38,5.241855350814305,5.070475399998309,5.0165695921679205,4.135105602744103,3.624499123861144,4.564771203828972,5.5799392843252615,6.723158962637593,5.048599414058874,5.948365167221943,5.464494668470932,4.638032121218762,4.884498103342416,4.635740622033376,5.5811241622255885,3.661897720145342,4.969578644045294,3.44400125949194,4.543935518102839,5.442239376670249,5.054298839030137,4.783196792566698,3.5841568585767107,3.620996460726218,3.978357845570198,4.117359293195894,5.021215804081854
THA,Thailand,5.41,39.0,5.67,5.09,4.91,7.1733230436815765,6.875118516524571,4.979914446394336,5.221267474595498,8.78171489800348,6.235640357160108,6.536704282404189,3.4686748482937704,4.26103328533919,5.948365167221943,5.079347856594626,4.404527445512004,4.114552487269478,5.221017291912049,5.913608135638239,5.260570560881883,5.394883257609613,3.1906782682336807,5.023053005161182,5.806669085763929,4.252100017690637,3.098005365535487,3.5225706415926097,6.019730711822453,4.129390632678074,5.4613395158525675,6.105579123821045
UKR,Ukraine,4.35,87.0,4.33,4.38,5.62,5.180426680810934,4.210494079243988,4.905331738772638,3.198256049972229,3.5488516193197333,3.729336627163402,3.995297256257039,8.361060382559668,4.483009931500305,5.230852047284289,4.220174328345121,0.0,3.990585223807939,4.85510860831671,4.743264549225708,4.691110006915057,6.637776553771179,4.222734899285849,6.255774231294671,5.441633298573218,5.567575119666991,7.993415317452522,5.810639281727824,4.041737844257619,3.7719549947883766,7.823814153224473,6.0152155138427785
VNM,Vietnam,5.79,20.0,6.22,5.26,4.74,8.908383336228837,8.81278734262921,5.161823061088465,7.109780419359042,7.532890100377283,5.678683972716396,5.5799392843252615,,4.345539471863651,5.230852047284289,3.8942809458638243,7.265731737361341,3.9381276906297207,5.501406940970502,5.301837624558962,5.901051342381001,2.687726934748035,3.931882575989329,3.5755153894131873,6.213600021411879,4.4740933415590165,3.3975381998270273,3.7070166721541313,6.2171916718622295,4.837881253377755,4.960034946088446,5.563397463951449
AGO,Angola,3.9,108.0,4.18,3.55,6.45,4.799417335645474,5.4640523123383415,4.495813701095478,7.662420474177514,2.9655907023372134,1.7799892816104088,2.3807563219988515,6.287879323080672,4.159593797133798,3.0783126874713274,2.9166007984199154,4.513322096044755,3.834680620234661,4.770196427496556,2.1232908387340195,6.3334613129000426,2.5672679882975213,9.767693707938864,5.15773152390301,5.818992673736885,6.373466850012704,7.928109133118555,8.338175141202235,7.6791094840347025,5.9940935056385065,5.587121151489046,6.286306343777577
ARE,United Arab Emirates,6.15,9.0,6.28,6.0,4.0,8.154875056671873,4.525116355962197,5.344857992925166,7.582146235990246,5.744787731182938,7.349553126047533,7.912053967142646,3.97264828016092,4.2951228149229275,5.948365167221943,6.649561579201734,6.294893884244841,6.6902697605976,4.617332874881813,7.336639541844386,7.5112077232767565,3.787178985465238,5.085909536165844,3.469853570030317,3.988763086974743,4.351656275950937,3.6011183722200593,3.8201852536173018,2.989785182539504,4.032709941713227,3.4928160404147173,3.0332163845600046
AZE,Azerbaijan,4.16,99.0,4.32,3.96,6.04,4.635539934408752,3.790269394004728,4.594065231574518,5.963524671427346,3.57950761817933,4.206729007307409,3.692038032575323,3.5534074655214036,4.175702282346924,3.795825807408981,4.575694425523922,4.838518333117545,4.1056026767348355,4.57916583632571,4.463978011559081,8.52087065001352,7.458799372999689,7.966285770102351,2.943547309267003,3.141920465898763,4.8198942952027295,4.8736768691858225,4.586417831424573,7.103475263401556,7.212107762704771,6.387098635856669,7.189942443560235
BGR,Bulgaria,5.5,36.0,5.36,5.66,4.34,6.081103731386651,5.068072276543551,5.202826427665786,4.3346172713307025,4.502131966909043,5.678683972716396,5.370646940995496,6.814451802900136,5.817895538003304,5.948365167221943,5.61262824195843,4.619978860431668,4.6994185051267685,4.543470317559462,5.687519033717637,5.097750366481573,6.81106837147192,3.406471927453679,3.028667845686167,4.43912961957655,4.856404601769317,4.3453899702160905,3.4941221860314258,3.440464883651186,4.068724557490826,4.182678091198365,5.292306634016652
BLR,Belarus,5.16,48.0,4.99,5.37,4.63,7.230122016807263,4.167428654595405,4.983158864448709,5.127744633030527,3.8807781303954254,4.286293011607115,4.174690693396838,7.475841554544054,4.574348643256611,5.230852047284289,1.9685471859768122,3.3652772357286205,4.143991537302312,4.574480152902858,4.916156215400287,5.256059170105048,4.6544305670376955,3.237589933281507,3.915753286778741,3.252479212098759,4.976100539042887,4.074679418395966,3.645743075560812,3.112424684184341,,6.384245524861941,6.19594273379931
BOL,Bolivia,4.19,98.0,4.02,4.4,5.6,4.194294168044767,4.5049097402262435,4.785611100086157,3.0539189448193564,5.105101799303704,2.893902050497834,3.0983300705580445,3.945485659347411,4.169926953212247,3.795825807408981,2.235187258860912,4.666537269829963,3.893416517768787,4.610072218103932,4.211290191765467,4.8763504463881215,6.837484807097033,4.992086206070193,6.363438886828582,6.472748914400538,4.445121137912329,4.007549038968873,4.3566418441996255,7.0591471957704695,4.436785796519796,5.528915469974953,6.647760783690639
BWA,Botswana,4.7,67.0,4.61,4.8,5.2,4.9673310096878165,3.5021924563776334,5.062970438203465,6.121389886358296,3.913083970099489,5.40020578049454,5.191253503855697,3.868041216927805,4.173418997205567,3.795825807408981,5.70150814645533,4.884839199610746,4.103136259637136,4.509034594798897,4.424079934749564,5.019006091104093,1.8595716779007443,10.0,2.953952287319962,5.524489225088107,4.7932825076218695,10.0,9.20538410523217,4.515776905939691,5.5625623180784975,2.751082028327648,4.027216094320929
CMR,Cameroon,3.86,111.0,3.66,4.11,5.89,3.221608511367436,3.6921997237369535,4.928894943710175,3.920724193657634,3.2511844248906456,2.893902050497834,2.2013628848590523,4.609006922383779,4.158830234970921,3.0783126874713274,2.7092140351330163,5.282961108547193,3.764803828590469,4.687777461513437,2.2828831459720913,4.587689791076405,5.744108536573606,5.96784883906497,3.9493618543864226,6.024478401884294,4.661289564069876,4.127581076096664,8.8580628510731,7.261861357111006,4.416769125542052,7.763418505980775,6.828488003647172
CRI,Costa Rica,4.99,54.0,4.76,5.28,4.72,4.038482964672306,6.213444218154514,5.2717015141549215,3.548757076040589,4.75004461871301,4.843249396050827,4.443780849106536,5.32440610963237,4.223415374718379,5.230852047284289,5.8792679554491345,5.94333038470669,4.747907361791111,4.531009819037152,5.368334419241492,4.808816293547019,6.952924630778775,5.057762537137149,4.898803889303424,6.580454042893681,4.284688987889802,5.343589525175474,4.583604247907532,4.426664528488653,5.185102370644481,2.862582184194248,3.936852484342663
DOM,Dominican Republic,4.58,73.0,4.36,4.86,5.14,3.639332878008908,4.370646842689618,5.107310477524955,5.7869325276713734,3.884471310721163,4.286293011607115,3.9952972562570377,3.4211630077586106,4.163923009561405,3.795825807408981,5.138601285989629,5.633099350654782,4.3698249099968285,4.585000356489059,4.623570318797155,4.408464539305788,3.192545019543944,4.2602642313241095,4.820790978737337,6.442470262803052,4.5941319198744,4.751090958927653,4.07528349249561,5.449435416849055,7.385296665602523,4.394048432360868,5.924851903864512
ECU,Ecuador,4.57,74.0,4.44,4.74,5.26,4.1749232709714486,4.6512164175204065,4.8017177301420375,5.20321136113137,4.847394137678787,4.843249396050827,4.41388194291657,3.69499874987836,4.1740615372443095,3.795825807408981,2.975854108017114,4.809538098696157,4.067416699951583,4.646082976270708,4.450678652622576,5.722783052290318,5.5169271901976344,5.489349855577147,4.641463868726002,4.202481375940152,4.318724664709959,4.072855223302838,4.807127827316834,6.120309168056426,5.198290217645793,5.580205318726438,6.286306343777577
GHA,Ghana,3.99,104.0,3.87,4.14,5.86,3.84202912919564,3.6929780573977977,4.935543442072218,3.0699626122007952,3.1530569793432495,4.564771203828972,3.2777235076978446,3.558723739555089,4.159606891329513,3.795825807408981,4.338681187135121,5.046368375074221,3.789963624425238,4.721263963412412,3.0808446821624544,4.85324665725827,7.916860366739148,7.262610794384964,5.95119658735006,6.5471955073191275,7.532316924653351,3.841912124512893,4.578289701264234,7.148147476903502,4.7359052744139385,4.929700387419233,5.382670243994918
GTM,Guatemala,4.45,81.0,4.17,4.8,5.2,3.8528937048284666,4.092147200411409,4.904188830289262,4.326511585719871,4.147847385000456,3.4508584349415456,3.5468136634075424,4.936911316846798,4.16157690384038,3.795825807408981,4.101667709150723,5.357787123651596,4.039017689813224,4.6224408790253735,3.599519680686189,5.739598236094884,6.8945443080472755,3.763000581817156,3.228536238661208,6.502598260679294,4.683256661972818,3.7663904476574137,3.9824352364332847,5.254241787659649,5.350094962078783,5.387480463996793,6.918851613625438
HND,Honduras,4.6,72.0,4.49,4.73,5.27,5.551219820509741,3.907177013744419,5.0433344407784535,4.430487966658811,5.657953910229225,4.843249396050827,4.623174286246335,3.661925472734956,4.162874232571361,3.0783126874713274,3.5091341339875184,5.388430158408637,3.864405730273831,4.564028876661771,3.4266280145116106,4.200325373920002,4.791267703575781,4.738763214811933,4.079619478697298,5.219783461805982,4.768003212981395,4.6044256734402,4.79399777090398,5.591224229111928,,5.829041039898125,7.189942443560235
HRV,Croatia,5.38,41.0,5.15,5.65,4.35,5.2716693622605915,4.85475541922712,5.213019755164291,5.103371674917958,4.591632618514711,5.40020578049454,5.52014147194533,4.377911638204527,5.121504175471184,5.230852047284289,6.0274017685322345,5.901997919220449,5.086252725912845,4.519204246453082,5.767315187336672,5.262142712213204,5.52538044959767,3.040560940080638,4.9120909974273905,3.1428548362983513,4.830325811364612,4.637261185116495,4.019011822154806,3.514599664737293,4.351644642632331,3.656858469008153,4.930852194103588
JOR,Jordan,4.46,80.0,4.4,4.54,5.46,5.100057308487063,3.6898345426740535,5.038929780546654,3.4319793019645437,5.954403829288883,3.979967000163074,4.126852443492892,3.441069954490848,4.164948791055098,5.230852047284289,5.227481430082131,4.4658135150260865,3.9401520539957513,4.545331945611153,4.264487627511491,4.1640975388939045,6.037859300724863,4.372852227438892,6.41553705158671,6.114556759055464,4.332582591289977,8.903323829904533,10.0,3.4014341399558,4.617330632756398,5.3019217093375515,4.750124974147056
KEN,Kenya,4.28,95.0,4.14,4.45,5.55,3.2764909214333806,3.8193116654668176,4.802993391552784,3.370264288762076,3.930429734722698,4.425532107718043,4.084993974826938,4.759959576661606,4.171079809443751,3.795825807408981,3.8646542311663197,6.367106927393218,3.7891197259535785,4.917524115325593,3.3468318608925745,4.383446826816067,6.801822619003129,4.344705228410197,5.402346207472,6.660102806145117,4.788752031624555,4.814937787187117,5.388289133781018,6.955486114661973,3.848652075198834,6.812558477140301,6.286306343777577
KWT,Kuwait,5.74,25.0,5.78,5.69,4.31,5.69352619840394,4.1445922359881715,4.819627959203537,9.714835972120074,6.322812773498287,5.957162164938253,5.52014147194533,9.222628543374672,4.170576147343499,5.230852047284289,5.49412138316843,2.578297591154369,5.632355804732835,4.540715421852703,6.020003007130288,10.0,5.316690608159279,5.226644531309322,2.1640532492150077,0.0,4.38199904376488,3.59783482105243,,2.8541054704503415,4.796794155571629,4.04638308882937,5.021215804081854
LKA,Sri Lanka,4.25,97.0,4.23,4.29,5.71,4.095150710721596,3.6234821795428447,4.843210358384526,6.341137818331936,4.547912497845932,4.007814819385259,4.174690693396837,5.210463684535713,4.17268301889983,4.513338927346635,3.5683875633825215,0.8532610143664998,3.857300384643981,4.6364778604817545,4.0649972434639,4.859603616989265,3.64532272615838,4.110146903171067,7.249571759507857,8.400557074784603,6.7162982479607,4.359618691942486,4.930612881675819,5.444068735033262,4.3071945738099595,5.930411126627946,6.286306343777577
LTU,Lithuania,5.76,23.0,5.64,5.92,4.08,7.1907823286159385,5.54116731264318,5.191032465557208,4.843486623850684,4.088525996368389,5.957162164938253,6.297513032884458,4.89697477385796,7.381363808817122,5.948365167221943,7.034708630673636,3.788816235510054,5.41308961463932,4.515848644555316,6.126397878622335,5.229059179849749,6.13295846897527,3.378324928424984,3.776946971579284,3.9317159860917386,4.875782856245223,5.312578208592306,4.280049848457977,3.423524795259018,3.988815813945451,3.360091193615937,3.485034434451334
LVA,Latvia,5.59,33.0,5.35,5.88,4.12,6.6355828310753875,5.561289899568505,5.091510266334201,4.461624979660419,3.862827444030933,6.235640357160108,6.237715220504524,5.657755673890149,5.080939288743616,5.948365167221943,6.916201771883636,3.608996256354392,5.13788523923135,4.505228775995376,6.192894673304866,4.4206316235221,5.1212089845334425,3.13438427017629,4.0785447861284485,4.212279638508813,4.9511258142173595,5.3304553205049565,4.238471336483939,3.5603604504220856,4.134864695100845,3.6704697598530407,3.846488874364397
MMR,Myanmar,3.97,105.0,3.89,4.07,5.93,4.743284267144282,4.068323056314673,4.936498182367381,5.926126715057373,3.766016332494401,3.0888367850531333,2.7963511180393845,3.667076685743181,4.1587788141509066,3.0783126874713274,1.938920531178212,2.6003890813280504,3.7254577978796566,4.894521753911331,2.641965837257755,4.447084778531722,2.672669566441722,4.485440223553674,4.852030337727326,6.676542674527072,6.929002192473242,3.8663563387608018,3.232771539337473,6.989814077038615,5.641448671158421,9.253084215856116,7.732124103429831
NAM,Namibia,4.91,58.0,4.71,5.14,4.86,7.660822838944929,3.4509078153816457,6.079018107984099,2.777431213569897,5.374377082607289,4.843249396050827,4.4736797552965015,3.637993978295636,4.171985088835469,3.795825807408981,4.7238277594158244,5.686071418490599,3.923472432576373,4.508157321433141,4.211290191765467,2.2874956845420584,4.784663594669503,4.7481455478214984,5.155948511231963,4.512515575825336,4.630337656626042,9.80228717179778,6.796643994255009,5.088669352985201,4.598476572608355,3.765649204541509,4.750124974147056
NIC,Nicaragua,4.33,90.0,4.44,4.2,5.8,5.994596617199888,3.5091145185133383,5.433128867890766,5.735056139762054,3.8673485607402434,2.6154238582759777,3.217925695317912,5.912690815461492,4.161080938269801,3.0783126874713274,2.768467344730215,5.620509576684835,3.829550725203528,4.546210112512625,3.546322244940165,6.103380383281469,4.794966004563297,4.84196887791715,3.887469332353091,4.445114640784728,4.8554908923244815,4.629964404743985,,5.600476841609162,8.54476887595218,5.143294170836135,7.912851323386363
OMN,Oman,5.39,40.0,5.15,5.68,4.32,5.539340992851038,4.044692848455588,5.698844469981484,5.787100231511598,5.122630939496034,5.40020578049454,5.490242565755362,4.286005519383642,4.16738274413235,5.230852047284289,5.671881671353433,5.525729957552591,4.917755168758726,4.5365917545243635,6.020003007130288,5.866669076309063,4.332942545480071,5.4799675225675815,3.6336220626244327,3.3892760892493694,4.138267049354767,3.9816454686464615,4.40197180086305,2.9775409262714385,5.641691464298709,3.6796470974299194,4.207943314277461
PAN,Panama,5.24,46.0,5.27,5.2,4.8,4.627549583745598,3.651344832310467,5.066087185594479,7.617811252677903,6.236998044074369,5.40020578049454,5.609838190515227,3.758411498920765,4.231089929745806,4.513338927346635,4.990467952097727,7.597341632871649,4.840404101727208,4.528261213821832,5.514627367543059,4.904307398323355,1.1352330130601462,3.875588577931938,4.524395653214652,6.324840605471033,4.221071967793067,5.8963206383931155,5.1897751856342955,5.3425508019728225,4.0609556266009665,4.447302665978242,6.19594273379931
PRY,Paraguay,4.45,81.0,4.34,4.59,5.41,4.998753334765329,4.7122021029461365,4.881290978692178,4.636148776053627,4.818253679570964,3.729336627163402,3.9354994438771063,3.462568657745987,4.183363803790393,3.795825807408981,4.664574569616423,4.762029517677488,4.012923463981326,4.550206022104321,4.304385704321009,4.765889726761379,5.437149554609793,5.461202856548451,3.940617764848959,6.212968690060805,4.619715784329819,4.887540751893592,,5.406534229412375,5.812343671346561,4.7166553586998194,7.009215223603704
QAT,Qatar,5.76,23.0,5.79,5.73,4.27,5.046125341977083,3.777587651148057,4.754466341617913,10.0,7.152572289792662,5.678683972716396,6.297513032884456,3.8244441805503504,4.172576095521126,5.230852047284289,6.590308149806737,4.340153318231707,8.039894741072468,4.5258983301043,7.01745492736824,9.196417241641672,,6.193024831294535,3.9746904042477342,3.9659593985739665,4.34510802492961,2.860495164410283,3.0764613439463533,2.7037841300747383,4.207925595096704,2.8436861884666342,3.846488874364397
SEN,Senegal,4.57,74.0,4.21,5.01,4.99,4.202846330368626,3.806428766596893,5.781101013958438,5.784025661107489,3.912889402555566,3.0888367850531333,2.865118602276308,4.506772267177854,4.159956877382005,3.0783126874713274,3.953534375258821,6.1670958013046215,3.7638122111097503,4.594046476334219,3.572920962813177,1.7569287874240065,0.7426847796709666,4.6824692167545425,5.953248273163318,6.41214110469748,4.83854919636814,3.830237275916877,7.2436911530736126,6.936680724325893,4.870866334505665,5.170096491028114,5.111579414060119
SLV,El Salvador,4.52,77.0,4.38,4.69,5.31,4.973893845906652,4.1015358174413965,4.899865694760683,4.1349938001839535,5.166202226055525,3.729336627163402,3.666409288167408,4.277086012470931,4.164261300247132,3.795825807408981,3.9831610899563197,4.908831033025174,3.9968425029608943,4.540803899759279,4.756563908162215,4.564039166700877,5.755467603892405,3.950647242008459,6.050483525813158,5.616512082820584,4.419994128179328,4.002806131726741,4.113735800561825,5.03757448647465,6.519335408070368,4.880472383956565,6.467033563734108
TTO,Trinidad and Tobago,4.72,66.0,4.43,5.07,4.93,5.63588435107219,3.4638338476042514,4.638662819827717,5.067594855670152,4.421071864628852,3.17238024271969,3.5468136634075424,3.7218280170641735,4.173711091284976,4.513338927346635,4.486814521027023,3.70615130453757,4.860849699758822,4.499761749201214,5.461429931797033,7.677172220339708,,5.198497532280626,4.720062975238734,5.532822798922278,4.448928260599147,4.023601955788395,3.8589501820743,4.352291421232102,4.471212010246516,4.060392867075651,5.473033853973183
TUN,Tunisia,4.28,95.0,4.32,4.23,5.77,6.242449064360245,4.372156045609935,4.892893283666247,2.4469987470483527,5.197453557079721,3.673640988719031,3.492995632265603,3.975267381003542,4.187847026158815,4.513338927346635,3.3017474904984168,3.729192966331625,3.9147090789817938,4.563873633766511,4.716665831352697,4.237715233843162,8.252613263534334,3.772382914826721,5.964850067940679,5.663432628832368,4.968524364896119,8.410061476722849,9.777479420363669,4.30985482624638,4.720695743480328,6.181985667756702,5.653761073929715
URY,Uruguay,5.11,49.0,4.63,5.7,4.3,3.370934655799087,4.63219649497013,4.781255024792234,3.548477569640215,3.825261165308854,5.121727588272683,4.354084130536637,6.1109870843256395,4.309788038055439,5.948365167221943,6.116281673029134,4.658223268151696,5.066198736490719,4.520218320136925,5.793913905209684,4.564107521106587,6.858882119953374,4.7481455478214984,5.066187256901854,5.2034951129482865,4.734386319656789,5.808029595885743,3.5857199605306223,4.512006663121465,4.773486265135936,2.902246564192451,2.3103075047338777
UZB,Uzbekistan,4.77,63.0,4.5,5.1,4.9,3.757920817363184,3.6472820652620728,4.993302759029198,5.891020711170463,4.011437680062008,4.286293011607115,3.5468136634075424,4.6106477071966205,4.189621987018098,4.513338927346635,3.4498809441881173,6.950749845207566,3.8401652247701152,4.746393601046667,4.211290191765467,4.106953255720664,1.9615391194136809,5.442438190529321,3.5426151419077025,5.562217586628261,5.212560929121177,4.432586495667587,3.460359183826944,5.677194752023659,5.389003028454911,5.203017607930696,6.286306343777577
ZMB,Zambia,4.06,102.0,4.2,3.89,6.11,5.268686288845237,3.615465178203738,4.9686950715011,6.404585771216719,3.20243616236092,3.1166846042753193,4.055095068636972,3.611427685238143,4.1606401749762405,2.3607995675336735,3.5980142780800195,5.774199836280229,3.7283201754746633,4.626106627170088,2.8946536570513697,5.386684439416127,2.6790095109917473,8.669960745819738,7.449391302820677,6.372594508866235,5.465315804299049,4.964886623842199,6.021970665896618,7.427451971837147,6.972085144814382,4.470679470624352,5.653761073929715
ALB,Albania,4.55,76.0,4.29,4.87,5.13,4.33262577806836,3.622439158658545,5.415580071006685,4.831188342234252,4.012146549126594,3.729336627163402,3.81590381911724,3.764234510612594,4.207484222104344,3.795825807408981,5.168228000687128,5.4433025694851995,4.241481057156155,4.510678396713795,4.450678652622576,4.7367023955233725,5.5967048257854755,4.147676235209328,4.7948029584360485,5.000711482983471,4.529753475240301,6.712830362076996,5.785942270856027,6.004626217357538,5.389319582671246,4.50845026985073,5.382670243994918
ARM,Armenia,4.77,63.0,4.86,4.68,5.32,4.059647547167623,6.308380677855927,5.005252424724249,4.407959750788708,4.970989360476621,4.007814819385259,3.3375213200777765,6.0076712554251905,4.214762768873804,4.513338927346635,4.8127079035083264,9.093624392054627,4.175271251999871,4.514300111418436,4.982653010082817,4.853861846909657,5.898644684980517,6.314995160418881,4.429431909858065,5.565374243383629,4.348229865532801,7.338894118038365,5.335143667348038,4.924257884046137,5.2260816537450125,6.589584135074839,4.930852194103588
BEN,Benin,4.51,78.0,4.35,4.71,5.29,3.700853756014714,7.146395356488061,4.974408395148604,6.592078664587259,3.40467105263209,4.564771203828972,3.845802725307207,3.7716166319663,4.1586741843040915,2.3607995675336735,4.04241427975572,7.233188359363552,3.7457334271095633,4.603282829933268,2.668564555130767,4.0432469495993,1.24829535753563,6.408818490514532,4.560471128764467,6.6463902891997995,4.2184069819122945,3.4103075654789197,6.207979798412052,7.968814310131733,6.368652843918701,5.597508834829671,5.111579414060119
BFA,Burkina Faso,3.57,115.0,3.72,3.4,6.6,3.8005607991858743,3.636546784768224,4.89684931994168,3.396258383996811,3.8843271536126007,2.6154238582759777,2.8890377272282795,5.353978626197242,4.158950115007127,2.3607995675336735,3.6868941825769186,5.151599882030573,3.7088456000743704,4.659660555274176,1.9105010957499236,3.9569836895937622,4.8504405193760345,9.79584070696756,4.676464651706967,6.302289449610687,4.5225960845890825,4.068477155079332,7.580695934336868,8.141941665907995,9.772200893365484,9.068038573496723,5.473033853973183
BIH,Bosnia and Herzegovina,4.98,56.0,4.75,5.25,4.75,5.765004628934016,4.185334763306843,5.112287218777492,4.9142017431451785,4.5898639036315245,4.564771203828972,4.593275380056368,5.147524614666748,4.339668113018392,4.513338927346635,4.427561091632026,4.6936171610106046,4.157055965828243,4.512281328305052,4.690067113479684,4.45979869799371,4.395021169199087,3.275119265319767,3.5395376131878127,3.747139952291884,4.776036241850582,6.713195201095622,5.446123906075733,4.132816822782289,4.345153796168587,5.611512610652751,6.19594273379931
CYP,Cyprus,5.6,31.0,5.54,5.68,4.32,5.114758569285257,5.627218535578437,0.0,3.065714114915118,5.179979893233807,5.121727588272683,5.101556785285798,7.254488382361723,10.0,5.948365167221943,6.264415006921036,5.267045733905938,5.968045046224491,4.501754959322412,5.873710058828721,3.21540674205012,5.783997354367527,6.099201501198882,5.522247703392137,2.6880689842390293,4.457265859283279,4.600777283253945,4.23722085492081,3.307916085778249,3.8922711616870496,4.043407234405133,4.117579704299195
EST,Estonia,6.11,12.0,5.96,6.3,3.7,6.930630661357181,5.669741846229658,5.066902248045719,5.331840206583252,5.012060534414861,5.957162164938253,6.745996625733953,6.762431400448109,8.704977893537663,6.665878287159597,7.2124684396674414,1.784191659427318,5.58583302065543,4.501608258628595,6.645072877146071,4.659872043505762,4.199803709929501,3.143766603185855,2.9145550347391556,3.94691844502559,4.9425978593988855,5.58584263354281,4.445113414791,3.449151534806,4.104568884754932,3.527748060962987,2.3103075047338777
GEO,Georgia,5.0,53.0,4.9,5.13,4.87,4.956997091857207,3.890805589809026,5.408698849621846,4.499973257791661,5.301864591134833,4.286293011607115,3.7860049129272744,4.801843088908693,4.336421767930826,4.513338927346635,6.501428245309838,8.871046689982164,4.197621628423795,4.521760008790222,5.261939547749444,4.276472181880516,4.906707527257526,5.742672846835406,3.8005413584317695,5.133998157822113,4.45955013289537,7.029510630243935,5.6443252338316725,5.737270854493086,4.080816820031675,5.574890907973796,4.388670534233992
GIN,Guinea,3.91,107.0,4.04,3.75,6.25,3.65618388003503,3.54598470257325,5.223941633182197,2.34833298771651,3.0681101318570603,3.729336627163402,2.9189366334182467,10.0,4.158408276365493,2.3607995675336735,2.3240672831556153,5.963046445829438,3.7544448032270967,4.570333378740909,2.1099914797975132,3.435644637246508,7.348907000799219,8.25713809339887,3.829460358466286,6.533508243627854,5.136989543787832,4.685419935575062,8.465724260641387,8.102657457954004,,6.689459679677177,6.647760783690639
JAM,Jamaica,4.62,70.0,4.27,5.03,4.97,4.457414826686533,3.758204589321209,4.924839825329049,5.5233020908390955,4.4857148081937295,3.17238024271969,3.457116944837642,3.691449593291873,4.164285355327807,3.795825807408981,4.871961332903329,4.865835767203279,4.112054074602182,4.516711549866762,4.676767754543177,5.535970461485933,4.4898561730932425,6.2493188293519255,5.359382929549098,4.4429176076829915,4.837673558150171,3.9626738396779353,3.514755131823054,5.026016874537497,5.624334672255004,4.094354883785024,5.2019430240383855
KGZ,Kyrgyzstan,4.37,86.0,3.94,4.9,5.1,5.0020995825939885,4.732938795666346,4.929799300645504,0.0,3.5273706708956007,3.17238024271969,3.0086333519881454,3.734496182269278,4.200582796198103,3.795825807408981,3.331374205195922,7.82965859405294,3.7897787611342353,4.538254231335721,3.6793158343052257,0.0,5.547570255522766,8.594902081743218,4.023246968494879,3.71052273392962,5.0455424568504545,4.086719106010607,4.842766551866009,4.706705477340572,,5.874260417570684,6.918851613625438
MDA,Moldova,4.67,68.0,4.18,5.26,4.74,5.001642745708072,3.7919939008549584,5.030897471606504,3.158733844959416,3.773866681080837,2.3369456660541212,3.217925695317912,6.8659975773761275,4.5935970738364835,4.513338927346635,4.93121452270273,2.295621534093289,4.104813575273174,4.512915363378258,5.022551086892335,2.618399362582318,4.803155099607083,4.100764570161502,3.67404515811187,4.999852872346009,5.520062228535497,3.333691371567564,3.730463201462799,6.542704315888871,4.675013594094473,6.290393473189611,5.292306634016652
MDG,Madagascar,4.07,101.0,3.84,4.34,5.66,4.404757294216989,3.4947327703584534,5.009420176369049,3.870636646710704,3.3740950746253775,2.0584674738322652,2.9189366334182467,6.102430132429138,4.1588266445864726,2.3607995675336735,2.827720774125218,5.619559405064462,3.6876508643959935,4.784654300016499,1.8307049421308863,4.131219069747578,5.302689897277968,5.179732866261496,4.622803297757784,6.829779420059636,5.030885034506204,3.926189937815385,,8.518680074908897,4.409011728851787,6.304874380407843,6.828488003647172
MKD,North Macedonia,5.11,49.0,5.24,4.96,5.04,7.562023922123811,4.209233658459972,5.275841212159069,5.547954555352037,4.810224957166551,5.678683972716396,5.071657879095832,6.196850597758852,4.225648707698015,5.230852047284289,5.642254717060333,3.991915419364864,4.183907542728984,4.502223207778911,5.075748522638359,4.76028466549319,,4.701233882773672,4.618626651637934,4.875531102692613,4.984400066500152,7.2878166554307935,5.270743866846896,3.764411133323072,5.553301895724843,4.535254917512928,5.563397463951449
MLI,Mali,3.79,112.0,4.06,3.46,6.54,3.8344780418356854,4.087848391606974,5.0289133804256005,2.95022207028079,3.613285891637277,4.286293011607115,3.3375213200777765,8.359736699637098,4.158693830384773,2.3607995675336735,3.1239874419090166,5.447815884681973,3.708238052017202,4.646327072357545,1.8573036600038983,3.6806268273097777,6.665249646821295,10.0,4.636163680375081,5.895131234676351,4.389917858953462,3.8798553824499455,7.120831339496192,7.747531260375288,,10.0,6.7381243936689055
MLT,Malta,5.64,29.0,5.7,5.57,4.43,4.900808696718536,8.924821987699314,10.0,4.68852827548362,5.273784404173965,6.514118549381964,5.819130533844994,3.608455022672027,4.30542836132285,6.665878287159597,6.1459081481310305,6.652158413505231,6.358694401566897,4.49373987246898,6.458881852034986,5.16275540631142,6.047633381906154,5.198497532280626,4.229465817558582,5.06725380738662,4.5547662712926975,3.9440670497280346,3.6360518434465625,3.5808379308769043,3.749224994111151,3.1216690642033775,5.021215804081854
MNG,Mongolia,4.79,62.0,4.83,4.73,5.27,5.653515476388922,6.174299366134585,5.942224211764708,6.354610026829938,4.36840859939579,4.007814819385259,3.2478246015078773,3.877540260648881,4.241871339000714,3.795825807408981,4.368307901832625,6.957638589455272,4.061733011871971,4.513827413154072,5.035850445828841,3.925062182127371,1.7113754740438605,6.78411181089714,4.087899496443668,3.696229392141315,5.108474194863563,4.694905750059325,4.389466985231762,5.405043182003682,10.0,3.6672212239177338,6.19594273379931
MOZ,Mozambique,4.3,93.0,4.01,4.64,5.36,5.733518061779009,3.877648415305666,6.161783956453884,2.4530360852964206,3.433286988148417,3.984767964196978,3.972140852401972,3.4782958779404685,4.159222518244241,2.3607995675336735,3.035107417614319,6.058776236582057,3.692722591236423,4.758777934584564,2.1099914797975132,0.0149167579143973,0.5371649105075882,4.898262875974541,6.547553263737522,5.322109647187979,4.732025903590961,5.245812668183839,5.89660988919294,8.316100179552732,4.329234727825586,7.492658260331204,6.918851613625438
MRT,Mauritania,4.32,91.0,4.14,4.55,5.45,4.752605797003406,4.584402088480715,5.891990466788603,5.892865453412927,3.570534877883234,2.893902050497834,2.709644290088482,3.53555387486903,4.1597153462044805,2.3607995675336735,2.442573962248912,6.898252863181936,3.7988201451956543,4.509710822628602,2.854755580241852,3.1668751139962907,3.552072708401732,6.915464473031052,4.167109223734156,5.501534017163074,4.649868196009421,6.5552199060307785,6.980152163644185,6.476465014876544,4.683904821594945,5.919894146191663,6.467033563734108
MUS,Mauritius,5.17,47.0,4.88,5.52,4.48,4.9584011982675635,3.5845001665255016,5.204864457008241,6.285012933136939,5.5007237337198625,3.729336627163402,3.3076224138878105,3.906958132795219,4.228578005525458,4.513338927346635,6.679188533494835,7.909710553069399,4.425565605416186,4.49919310307169,5.754015828400167,3.913373578751026,4.946068016338944,4.044470572104111,5.788282963844801,5.617547466236345,4.774703748910196,4.837192967323272,4.140308533778316,3.8543261245671903,3.997733078416646,3.2916385794603285,4.569397754190525
MWI,Malawi,3.89,109.0,3.6,4.24,5.76,3.664172429600474,3.63655151319926,4.928040771685976,1.0057519441624725,3.004550328667073,3.81288008482996,3.3913393512197167,7.514655273072261,4.159068822320619,2.3607995675336735,2.886974083722417,3.690948558611596,3.68159181066847,4.632461381697881,1.8307049421308863,2.0710856360654093,7.020022377266563,5.733290513825841,6.20330969406989,6.839602935882341,7.133102039713576,4.655867975066396,6.53716906990575,6.714949322367721,4.281558975032049,5.369499072191912,6.105579123821045
NER,Niger,3.78,113.0,3.8,3.76,6.24,3.3349575386172043,4.483495099120261,5.232501752350401,3.14973373886739,3.125981185354229,1.9749240161657085,2.108676275670156,6.699286452270112,4.158177652854952,2.3607995675336735,2.7980940594277133,8.42399094259649,3.6959494241126967,4.693306124401274,1.072641482750043,2.874660029587675,6.165186520437907,6.9436114720597475,4.553290228418059,7.155723169991875,4.600604028441991,2.9502455629921576,4.432295978768928,8.599424201062773,10.0,8.315077212562462,6.105579123821045
NPL,Nepal,4.34,88.0,4.4,4.27,5.73,3.9462213690639274,3.5116738222518635,4.76882272454029,6.322690395907285,6.379496634709522,3.4230106157193605,3.3494808825537628,4.2952817125506755,4.175708898605113,3.795825807408981,3.21286746620372,5.24305390049151,3.737818201286073,4.637159092111467,3.759111987924262,4.546061957999248,2.4314875091844392,4.100764570161502,4.276092820148017,6.428101161252619,4.8005921831805605,6.643875787556777,,7.876972708054796,9.293501221952743,5.350117370178864,6.105579123821045
RWA,Rwanda,4.45,81.0,4.16,4.8,5.2,3.6851133488446832,4.0178876199496285,5.056099317964695,3.5658069664633723,3.5793744026317365,4.007814819385259,4.23448850577677,3.790697099584845,4.163272141192064,3.0783126874713274,5.020094666795225,8.255810565790402,3.713603132873129,4.589439656373641,3.2670357072735383,3.0140346628295855,4.182633026773178,6.014760504112796,5.227684240202719,6.250191986520099,5.278233795468794,6.947057012034571,6.538419551468879,5.362811704709619,6.3307460355914715,4.663118169015338,4.027216094320929
SLE,Sierra Leone,3.65,114.0,3.31,4.07,5.93,3.2982600875449712,3.5260800043050975,5.063050563728713,3.3842955100608254,2.8195971553082773,2.114163112276637,2.063827916385206,3.42392583599283,4.158377948416257,0.9257733276583656,2.353693937954215,6.265438564013266,3.705654808184539,4.539301544548191,1.7243100706388388,4.342639246607426,6.363045623270002,6.089819168189317,4.158389559027802,6.9065745656042195,8.215733518164118,3.945161566783911,4.510451076464488,8.55323435205148,,5.375814815757603,6.19594273379931
TGO,Togo,4.34,88.0,4.12,4.61,5.39,3.881981337379149,3.519500193994352,4.740794739975215,5.278454484111914,3.714572116956495,3.4508584349415456,3.786004912927273,4.278423081986645,4.160952826471199,3.0783126874713274,3.627640992777518,6.667361159431206,3.7176011080120377,4.547592876903513,2.854755580241852,4.637315089621588,3.745176852821307,3.98817657404672,5.273407524041076,6.50075477313416,4.493966521984208,3.523772500271452,5.198528556576198,7.758137593012606,4.459490920497123,6.8463112052775,6.286306343777577
TJK,Tajikistan,4.39,85.0,4.21,4.6,5.4,4.13542661073136,5.284034166907325,4.907160206824456,5.769659032128291,3.1157135492586465,3.17238024271969,3.666409288167408,3.509737348130737,4.162994479215797,2.3607995675336735,2.2055606040623124,8.173145634817917,3.7313484151603378,4.534327535020569,3.16064083578149,6.696491561623822,5.290538336890417,4.626175218697151,3.4144336282411967,4.985256491509191,4.525451426604196,5.381897622131152,,4.740742288684748,5.1804695898434465,5.857000449660259,7.461033273495033
UGA,Uganda,4.05,103.0,3.85,4.3,5.7,3.241492174112665,3.6693997498487527,5.347486558565511,3.7407779730971784,3.2650588495579846,4.3141408308293006,3.528874319693562,3.639077299474261,4.159765495124038,2.3607995675336735,3.538760848685023,6.687789849269233,3.725895009369949,4.891618263215037,2.3493799406546216,3.736404022368826,5.448508621928592,6.371289158476272,4.411430809329822,6.854906407832363,4.641340241190948,3.812725003022853,6.098562661638267,8.000608736900915,4.767475311573274,6.314657962727879,6.828488003647172
